total_score,complex_normalized,dG_cross,dG_cross/dSASAx100,dG_separated,dG_separated/dSASAx100,dSASA_hphobic,dSASA_int,dSASA_polar,delta_unsatHbonds,dslf_fa13,fa_atr,fa_dun,fa_elec,fa_intra_rep,fa_intra_sol_xover4,fa_rep,fa_sol,hbond_E_fraction,hbond_bb_sc,hbond_lr_bb,hbond_sc,hbond_sr_bb,hbonds_int,lk_ball_wtd,nres_all,nres_int,omega,p_aa_pp,packstat,per_residue_energy_int,pro_close,rama_prepro,ref,sc_value,side1_normalized,side1_score,side2_normalized,side2_score,yhh_planarity,generation
-603.595,-2.244,-48.058,-2.612,-42.937,-2.333,835.2,1840.17,1004.97,15.0,-1.648,-1307.254,191.691,-337.954,2.369,30.945,153.231,721.355,0.35,-48.347,-67.308,-25.728,-63.799,12.0,-36.064,269.0,60.0,35.815,-60.921,0.638,-2.752,2.156,36.982,170.299,0.596,-2.757,-77.195,-2.748,-87.941,0.586,14
-602.749,-2.241,-52.529,-2.687,-48.063,-2.459,1029.9,1954.752,924.852,17.0,-1.561,-1315.049,185.792,-330.427,2.343,30.841,147.469,729.001,0.324,-47.328,-66.598,-28.257,-62.583,12.0,-34.393,269.0,60.0,33.222,-55.747,0.7,-2.757,1.786,34.201,174.376,0.609,-2.716,-78.762,-2.795,-86.641,0.165,14
-608.775,-2.263,-52.747,-2.681,-49.041,-2.493,1001.932,1967.436,965.504,19.0,-1.838,-1317.052,185.012,-331.824,2.391,31.024,144.05,724.912,0.324,-47.315,-65.498,-26.651,-63.021,12.0,-34.602,269.0,61.0,33.544,-55.995,0.677,-2.778,1.71,34.311,177.794,0.626,-2.794,-78.238,-2.763,-91.194,0.272,14
-607.83,-2.26,-54.623,-2.787,-50.3,-2.567,1085.654,1959.832,874.178,16.0,-1.447,-1310.573,180.076,-331.233,2.333,30.584,148.973,719.532,0.29,-45.08,-61.864,-20.492,-64.45,12.0,-38.908,269.0,64.0,30.232,-58.005,0.594,-2.696,1.973,32.548,177.464,0.57,-2.67,-77.432,-2.718,-95.119,0.507,14
-608.729,-2.263,-54.507,-2.819,-49.819,-2.576,967.944,1933.674,965.73,20.0,-1.847,-1316.033,182.956,-334.842,2.384,31.318,145.836,727.07,0.344,-47.299,-65.388,-27.258,-63.324,13.0,-34.255,269.0,61.0,32.218,-55.051,0.686,-2.723,1.915,35.337,176.979,0.625,-2.79,-80.901,-2.663,-85.231,0.555,14
-605.812,-2.252,-55.313,-2.807,-51.732,-2.625,992.759,1970.696,977.937,13.0,-1.754,-1320.024,184.674,-335.927,2.378,30.87,147.698,732.649,0.324,-50.606,-66.774,-28.071,-63.002,13.0,-33.704,269.0,62.0,35.047,-54.889,0.682,-2.78,1.679,36.048,177.621,0.642,-2.713,-78.675,-2.839,-93.698,0.276,14
-612.778,-2.278,-55.626,-2.796,-50.072,-2.516,1034.536,1989.753,955.217,17.0,-1.502,-1312.851,182.614,-338.012,2.298,31.162,149.557,729.525,0.342,-50.946,-61.781,-25.965,-64.568,13.0,-34.277,269.0,64.0,31.459,-58.489,0.673,-2.74,1.957,33.099,173.374,0.635,-2.736,-79.356,-2.742,-95.982,0.569,14
-606.273,-2.254,-53.311,-2.69,-49.63,-2.505,1016.732,1981.457,964.725,16.0,-1.909,-1320.549,185.922,-333.131,2.389,31.186,145.837,725.59,0.327,-47.9,-66.303,-24.509,-62.565,13.0,-35.22,269.0,61.0,34.06,-55.264,0.668,-2.765,1.871,35.668,178.127,0.636,-2.746,-76.876,-2.782,-91.798,0.427,14
-608.124,-2.26,-52.587,-2.687,-48.247,-2.466,987.039,1956.761,969.722,18.0,-1.982,-1321.781,186.175,-331.954,2.405,31.373,146.579,728.029,0.322,-47.474,-65.626,-28.172,-63.035,12.0,-34.598,269.0,61.0,33.376,-54.815,0.621,-2.726,1.719,36.281,175.129,0.619,-2.76,-80.026,-2.695,-86.249,0.247,14
-588.285,-2.187,-43.389,-2.429,-39.651,-2.22,827.837,1786.19,958.352,12.0,-1.49,-1295.333,187.944,-320.167,2.352,30.445,152.94,703.792,0.338,-47.89,-63.705,-23.719,-62.202,10.0,-37.293,269.0,56.0,32.839,-60.458,0.624,-2.612,2.037,41.168,169.935,0.593,-2.706,-73.057,-2.524,-73.187,0.519,14
-608.651,-2.263,-55.768,-2.827,-51.632,-2.617,1016.118,1972.639,956.522,15.0,-1.728,-1314.357,181.719,-340.723,2.34,31.038,146.527,735.608,0.343,-50.719,-65.106,-25.049,-64.047,14.0,-33.839,269.0,62.0,32.133,-54.974,0.704,-2.684,1.911,35.547,174.732,0.638,-2.782,-80.68,-2.598,-85.75,0.336,12
-605.425,-2.251,-53.45,-2.711,-50.613,-2.567,1017.405,1971.301,953.896,17.0,-1.884,-1319.962,182.562,-333.632,2.386,31.219,146.257,729.564,0.312,-47.371,-66.445,-25.218,-62.676,13.0,-34.684,269.0,61.0,34.282,-55.464,0.658,-2.699,1.856,35.898,177.621,0.646,-2.717,-78.787,-2.683,-85.847,0.265,12
-596.382,-2.218,-44.749,-2.492,-39.893,-2.222,809.464,1795.513,986.049,13.0,-1.738,-1304.582,188.923,-329.41,2.371,31.172,152.234,719.459,0.334,-43.981,-66.732,-25.014,-64.832,9.0,-36.609,269.0,59.0,36.447,-60.788,0.644,-2.654,2.306,35.233,168.681,0.583,-2.618,-73.295,-2.687,-83.294,0.479,12
-601.487,-2.236,-48.123,-2.599,-42.88,-2.316,862.067,1851.24,989.173,15.0,-1.664,-1304.35,191.367,-337.752,2.349,30.898,152.416,721.334,0.348,-48.218,-66.866,-25.692,-63.874,12.0,-35.818,269.0,60.0,36.282,-60.509,0.608,-2.733,2.104,36.983,168.981,0.594,-2.756,-77.175,-2.713,-86.832,0.543,12
-607.124,-2.257,-52.688,-2.707,-48.138,-2.474,1025.57,1946.127,920.557,15.0,-1.852,-1318.241,186.166,-332.665,2.39,31.227,145.409,728.27,0.327,-47.538,-66.216,-26.742,-62.902,12.0,-34.688,269.0,60.0,33.567,-55.918,0.643,-2.73,1.786,34.823,175.755,0.62,-2.729,-76.409,-2.731,-87.39,0.247,12
-593.85,-2.208,-43.997,-2.527,-40.571,-2.33,831.036,1741.249,910.213,14.0,-1.541,-1300.543,187.481,-328.684,2.336,30.353,153.624,713.623,0.333,-46.433,-65.177,-24.756,-63.104,10.0,-36.526,269.0,58.0,34.205,-60.872,0.677,-2.655,2.205,36.717,172.73,0.601,-2.691,-75.345,-2.622,-78.665,0.513,12
-609.764,-2.267,-54.18,-2.784,-50.689,-2.605,1155.148,1946.113,790.965,11.0,-1.389,-1311.72,180.961,-332.958,2.321,30.511,148.082,724.4,0.26,-46.414,-62.78,-22.201,-64.302,10.0,-38.361,269.0,65.0,30.438,-57.139,0.614,-2.744,1.965,32.629,175.973,0.58,-2.651,-76.873,-2.818,-101.462,0.221,12
-607.694,-2.257,-52.589,-2.704,-49.386,-2.54,983.637,1944.693,961.056,17.0,-1.932,-1317.555,179.179,-334.743,2.37,31.302,146.032,730.544,0.306,-48.091,-66.931,-25.456,-63.128,13.0,-34.096,269.0,60.0,33.647,-55.169,0.722,-2.754,1.846,36.609,177.621,0.644,-2.742,-79.516,-2.766,-85.731,0.257,12
-605.096,-2.249,-54.629,-2.817,-49.856,-2.571,1047.952,1939.214,891.262,20.0,-1.742,-1318.658,187.45,-334.409,2.426,31.64,145.797,728.224,0.344,-47.376,-65.203,-27.162,-63.144,13.0,-34.374,269.0,61.0,31.906,-54.978,0.664,-2.717,1.917,35.559,176.536,0.624,-2.786,-80.804,-2.655,-84.954,0.495,12
-600.538,-2.232,-47.681,-2.605,-46.048,-2.516,850.795,1830.271,979.476,15.0,-1.652,-1301.471,189.848,-337.46,2.338,30.684,152.308,718.766,0.327,-47.916,-66.22,-25.672,-63.869,12.0,-35.68,269.0,58.0,35.379,-60.768,0.673,-2.763,2.161,37.814,170.31,0.591,-2.755,-77.131,-2.77,-83.094,0.56,12
-601.918,-2.238,-58.906,-2.911,-50.062,-2.474,995.159,2023.361,1028.203,18.0,-1.869,-1316.622,187.028,-334.228,2.325,30.988,151.452,734.097,0.352,-49.774,-60.398,-28.851,-64.394,14.0,-34.773,269.0,64.0,32.689,-59.177,0.682,-2.736,2.361,35.669,171.354,0.649,-2.558,-76.736,-2.894,-98.399,0.203,31
-611.373,-2.273,-54.57,-2.771,-51.459,-2.613,1067.766,1968.987,901.221,18.0,-1.606,-1327.488,191.04,-338.533,2.428,31.479,152.863,733.809,0.299,-51.175,-63.022,-24.768,-63.034,12.0,-36.23,269.0,62.0,30.913,-57.674,0.675,-2.8,2.032,32.724,174.021,0.643,-2.807,-78.604,-2.793,-94.977,0.849,31
-609.336,-2.264,-54.434,-2.726,-49.887,-2.499,1035.779,1996.612,960.833,17.0,-1.606,-1329.917,190.853,-334.882,2.408,30.969,153.102,731.303,0.331,-50.798,-61.926,-26.226,-63.516,14.0,-34.501,269.0,62.0,31.987,-57.222,0.684,-2.745,1.878,33.561,174.826,0.653,-2.801,-78.437,-2.698,-91.738,0.369,31
-602.255,-2.239,-56.815,-2.839,-53.935,-2.695,1050.672,2000.979,950.306,17.0,-1.812,-1317.178,188.221,-335.179,2.377,30.911,145.835,732.633,0.336,-49.306,-65.201,-26.16,-63.592,14.0,-37.14,269.0,63.0,32.944,-54.237,0.674,-2.744,1.936,36.385,176.045,0.652,-2.834,-79.366,-2.672,-93.532,0.262,31
-591.884,-2.201,-58.19,-2.879,-50.507,-2.499,1028.604,2021.178,992.574,13.0,-1.979,-1308.363,185.615,-329.81,2.322,30.429,152.99,728.983,0.352,-48.069,-60.228,-27.623,-64.473,15.0,-35.371,269.0,65.0,32.969,-60.511,0.647,-2.704,2.548,37.765,170.735,0.652,-2.57,-77.108,-2.818,-98.64,0.185,31
-604.341,-2.247,-55.232,-2.768,-51.781,-2.595,1054.895,1995.117,940.222,17.0,-1.719,-1323.714,186.064,-334.463,2.397,31.027,149.41,732.329,0.32,-48.537,-67.196,-24.063,-63.474,13.0,-36.46,269.0,60.0,35.861,-56.741,0.729,-2.79,1.787,32.216,180.35,0.635,-2.685,-75.188,-2.881,-92.191,0.586,31
-596.844,-2.219,-49.112,-2.705,-43.084,-2.373,896.19,1815.585,919.395,15.0,-1.554,-1300.146,185.877,-337.679,2.404,30.311,150.478,722.033,0.355,-48.632,-66.769,-19.616,-63.489,13.0,-36.399,269.0,60.0,34.09,-59.729,0.682,-2.72,1.688,38.522,171.226,0.597,-2.691,-75.338,-2.746,-87.88,0.54,31
-608.034,-2.26,-55.657,-2.81,-51.163,-2.583,999.609,1980.402,980.792,15.0,-1.649,-1319.097,181.787,-334.374,2.364,31.039,148.714,732.416,0.329,-48.767,-66.771,-24.255,-63.63,13.0,-36.169,269.0,61.0,35.431,-56.514,0.687,-2.763,1.813,32.233,176.806,0.629,-2.678,-77.661,-2.84,-90.883,0.588,31
-612.128,-2.276,-56.389,-2.826,-52.647,-2.638,1088.957,1995.657,906.7,19.0,-1.456,-1328.137,186.453,-339.165,2.43,31.559,152.055,741.775,0.29,-51.294,-62.52,-27.825,-63.793,12.0,-36.621,269.0,64.0,31.859,-58.017,0.663,-2.681,1.969,34.145,174.149,0.639,-2.652,-79.56,-2.707,-92.022,0.305,31
-611.915,-2.275,-54.669,-2.749,-51.582,-2.593,1094.984,1988.992,894.007,16.0,-1.561,-1328.296,191.468,-337.443,2.438,31.298,151.863,732.495,0.297,-50.753,-62.69,-22.365,-63.162,12.0,-36.333,269.0,61.0,30.699,-57.735,0.639,-2.859,2.011,32.336,173.442,0.624,-2.843,-76.759,-2.872,-97.645,0.372,31
-609.336,-2.264,-54.434,-2.726,-49.887,-2.499,1035.779,1996.612,960.833,17.0,-1.606,-1329.917,190.853,-334.882,2.408,30.969,153.102,731.303,0.331,-50.798,-61.926,-26.226,-63.516,14.0,-34.501,269.0,62.0,31.987,-57.222,0.684,-2.745,1.878,33.561,174.826,0.653,-2.801,-78.437,-2.698,-91.738,0.369,33
-603.639,-2.244,-56.186,-2.793,-51.76,-2.573,1083.822,2011.321,927.499,18.0,-1.838,-1315.801,186.307,-333.541,2.384,31.246,146.739,729.604,0.323,-48.254,-66.169,-23.603,-63.669,13.0,-35.869,269.0,60.0,33.774,-55.987,0.72,-2.822,1.814,32.641,175.923,0.635,-2.713,-75.967,-2.918,-93.378,0.657,33
-607.114,-2.257,-55.752,-2.812,-51.332,-2.589,1020.901,1982.989,962.088,14.0,-1.707,-1322.359,183.329,-334.971,2.362,31.036,149.692,731.722,0.326,-48.617,-67.275,-24.293,-63.629,13.0,-36.178,269.0,60.0,35.601,-56.653,0.683,-2.807,1.851,32.041,180.35,0.631,-2.725,-76.288,-2.879,-92.142,0.583,33
-609.486,-2.266,-55.042,-2.833,-52.121,-2.683,1053.644,1942.733,889.089,17.0,-1.389,-1323.295,187.346,-338.974,2.353,30.871,152.024,730.579,0.297,-50.858,-62.905,-23.099,-63.169,12.0,-35.429,269.0,65.0,31.761,-57.525,0.695,-2.694,1.965,33.773,176.115,0.617,-2.697,-75.517,-2.692,-99.605,0.371,33
-602.956,-2.241,-55.774,-2.785,-50.233,-2.508,1024.776,2002.809,978.033,14.0,-1.458,-1324.596,191.417,-334.785,2.381,30.905,151.598,729.776,0.339,-50.65,-61.996,-26.25,-63.195,14.0,-33.772,269.0,62.0,31.251,-57.325,0.703,-2.68,1.962,34.007,177.499,0.64,-2.748,-76.947,-2.624,-89.222,0.277,33
-606.554,-2.255,-55.729,-2.831,-51.281,-2.605,1024.962,1968.245,943.283,14.0,-1.709,-1321.712,183.283,-334.873,2.364,31.012,149.113,731.343,0.327,-48.692,-67.243,-24.259,-63.523,13.0,-36.076,269.0,61.0,35.616,-56.632,0.708,-2.776,1.829,32.028,180.986,0.63,-2.68,-77.725,-2.863,-91.607,0.591,33
-596.583,-2.218,-58.537,-2.865,-54.422,-2.663,1041.138,2043.31,1002.171,14.0,-1.956,-1302.84,184.934,-335.092,2.324,30.298,148.873,726.972,0.321,-48.974,-65.234,-28.866,-63.57,14.0,-34.757,269.0,65.0,32.77,-57.842,0.715,-2.734,2.534,40.102,173.53,0.638,-2.601,-78.026,-2.849,-99.713,0.211,33
-611.915,-2.275,-54.669,-2.749,-51.582,-2.593,1094.984,1988.992,894.007,16.0,-1.561,-1328.296,191.468,-337.443,2.438,31.298,151.863,732.495,0.297,-50.753,-62.69,-22.365,-63.162,12.0,-36.333,269.0,61.0,30.699,-57.735,0.639,-2.859,2.011,32.336,173.442,0.624,-2.843,-76.759,-2.872,-97.645,0.372,33
-605.669,-2.252,-56.847,-2.823,-53.976,-2.68,1065.388,2014.034,948.646,20.0,-1.443,-1315.162,182.351,-335.556,2.354,30.742,145.462,729.08,0.335,-49.524,-65.249,-24.643,-63.179,14.0,-35.785,269.0,63.0,32.728,-55.201,0.648,-2.806,2.106,36.518,178.537,0.643,-2.865,-80.219,-2.758,-96.542,0.194,33
-607.13,-2.257,-55.819,-2.785,-51.188,-2.554,1031.574,2004.369,972.795,17.0,-1.865,-1318.237,185.151,-333.346,2.402,31.327,147.142,727.47,0.327,-48.367,-66.2,-24.103,-63.662,13.0,-35.701,269.0,61.0,33.964,-56.271,0.728,-2.799,1.755,32.892,177.874,0.622,-2.719,-78.849,-2.871,-91.884,0.645,33
-605.393,-2.251,-55.141,-2.792,-50.995,-2.582,1058.325,1974.881,916.556,17.0,-1.745,-1313.398,184.946,-334.447,2.356,31.039,144.942,728.135,0.317,-47.408,-66.307,-26.895,-62.859,12.0,-34.576,269.0,61.0,33.208,-54.748,0.687,-2.757,1.735,35.303,175.028,0.64,-2.758,-77.217,-2.756,-90.944,0.301,19
-591.918,-2.201,-45.972,-2.605,-42.605,-2.414,878.082,1764.528,886.446,13.0,-1.852,-1291.866,184.47,-328.67,2.361,29.911,150.149,712.59,0.344,-47.332,-64.185,-24.351,-62.344,10.0,-35.929,269.0,57.0,32.216,-60.693,0.656,-2.655,1.945,38.252,172.909,0.574,-2.771,-74.823,-2.551,-76.523,0.5,19
-604.779,-2.248,-54.152,-2.757,-50.282,-2.56,1020.169,1964.12,943.951,19.0,-1.939,-1322.162,184.747,-333.184,2.393,31.218,146.481,729.404,0.317,-47.327,-66.112,-25.375,-62.989,13.0,-34.571,269.0,61.0,34.078,-55.082,0.669,-2.701,1.87,35.893,177.621,0.649,-2.725,-79.016,-2.68,-85.772,0.256,19
-595.856,-2.215,-46.276,-2.588,-42.779,-2.392,917.556,1788.212,870.656,13.0,-1.756,-1295.866,182.356,-329.356,2.309,29.832,152.336,715.35,0.363,-48.488,-63.743,-25.621,-62.25,11.0,-35.886,269.0,58.0,32.211,-61.128,0.616,-2.651,1.876,38.725,172.736,0.569,-2.743,-76.802,-2.565,-76.944,0.507,19
-604.509,-2.247,-47.812,-2.601,-42.549,-2.315,862.37,1838.332,975.962,17.0,-1.677,-1306.564,191.665,-337.43,2.376,30.928,151.665,720.574,0.331,-47.18,-67.258,-25.464,-63.612,10.0,-36.128,269.0,60.0,35.222,-61.069,0.593,-2.76,2.112,36.831,169.96,0.586,-2.755,-77.136,-2.764,-88.447,0.54,19
-601.556,-2.236,-47.88,-2.622,-42.84,-2.346,808.803,1826.179,1017.377,11.0,-1.55,-1305.471,189.616,-330.776,2.331,30.099,153.479,715.424,0.352,-48.008,-66.59,-24.169,-63.754,12.0,-35.822,269.0,60.0,34.436,-62.418,0.664,-2.752,2.041,36.74,172.257,0.595,-2.757,-77.2,-2.748,-87.933,0.577,19
-606.948,-2.255,-49.965,-2.638,-43.948,-2.321,912.944,1893.777,980.832,14.0,-1.854,-1305.364,191.073,-339.981,2.33,30.092,152.277,727.105,0.314,-52.191,-67.229,-23.728,-63.393,11.0,-36.947,269.0,61.0,32.321,-61.354,0.64,-2.831,2.367,38.066,168.791,0.64,-2.751,-77.041,-2.899,-95.668,0.671,19
-603.786,-2.245,-48.103,-2.587,-42.928,-2.308,844.755,1859.588,1014.833,12.0,-1.735,-1304.821,190.728,-337.322,2.35,30.829,152.078,720.786,0.348,-48.107,-67.078,-25.67,-63.72,12.0,-35.795,269.0,60.0,35.424,-61.184,0.602,-2.754,2.128,36.342,170.299,0.596,-2.759,-77.255,-2.749,-87.969,0.682,19
-608.775,-2.263,-52.747,-2.681,-49.041,-2.493,1001.932,1967.436,965.504,19.0,-1.838,-1317.052,185.012,-331.824,2.391,31.024,144.05,724.912,0.324,-47.315,-65.498,-26.651,-63.021,12.0,-34.602,269.0,61.0,33.544,-55.995,0.677,-2.778,1.71,34.311,177.794,0.626,-2.794,-78.238,-2.763,-91.194,0.272,19
-606.165,-2.253,-53.84,-2.733,-49.891,-2.533,1044.12,1969.634,925.514,20.0,-1.881,-1317.136,184.294,-333.165,2.383,31.147,145.605,727.911,0.316,-47.491,-66.345,-27.004,-62.631,12.0,-34.324,269.0,61.0,32.808,-54.605,0.69,-2.703,1.861,35.801,176.18,0.63,-2.717,-78.806,-2.69,-86.089,0.426,19
-608.704,-2.263,-45.093,-2.513,-40.945,-2.282,848.853,1794.302,945.449,16.0,-1.533,-1303.058,184.156,-334.206,2.313,31.24,150.721,720.635,0.339,-47.405,-68.265,-21.958,-65.123,10.0,-37.849,269.0,57.0,36.49,-59.099,0.587,-2.639,1.901,31.34,170.27,0.589,-2.628,-73.594,-2.649,-76.809,0.726,11
-600.538,-2.232,-47.681,-2.605,-46.048,-2.516,850.795,1830.271,979.476,15.0,-1.652,-1301.471,189.848,-337.46,2.338,30.684,152.308,718.766,0.327,-47.916,-66.22,-25.672,-63.869,12.0,-35.68,269.0,58.0,35.379,-60.768,0.673,-2.763,2.161,37.814,170.31,0.591,-2.755,-77.131,-2.77,-83.094,0.56,11
-608.651,-2.263,-55.768,-2.827,-51.632,-2.617,1016.118,1972.639,956.522,15.0,-1.728,-1314.357,181.719,-340.723,2.34,31.038,146.527,735.608,0.343,-50.719,-65.106,-25.049,-64.047,14.0,-33.839,269.0,62.0,32.133,-54.974,0.704,-2.684,1.911,35.547,174.732,0.638,-2.782,-80.68,-2.598,-85.75,0.336,11
-596.332,-2.217,-44.082,-2.525,-40.968,-2.347,826.492,1745.885,919.393,13.0,-1.67,-1299.832,188.78,-332.48,2.348,30.682,153.745,714.172,0.345,-47.001,-65.853,-25.566,-63.489,11.0,-36.165,269.0,60.0,34.931,-60.86,0.686,-2.683,2.172,37.23,171.925,0.576,-2.721,-76.179,-2.649,-84.78,0.599,11
-604.002,-2.246,-51.863,-2.681,-48.838,-2.525,1044.439,1934.452,890.013,18.0,-1.602,-1312.85,185.683,-333.382,2.324,31.08,148.666,730.032,0.28,-48.106,-62.977,-25.783,-64.341,10.0,-34.76,269.0,63.0,30.693,-56.899,0.638,-2.729,2.04,32.635,173.308,0.612,-2.72,-78.88,-2.737,-93.046,0.236,11
-607.691,-2.259,-52.954,-2.708,-49.999,-2.557,1008.585,1955.201,946.616,18.0,-1.997,-1319.572,185.296,-332.637,2.385,31.122,145.001,727.179,0.309,-47.313,-66.382,-27.278,-62.803,12.0,-34.661,269.0,61.0,33.945,-55.454,0.626,-2.719,1.7,35.397,177.96,0.63,-2.724,-79.001,-2.715,-86.877,0.42,11
-593.85,-2.208,-43.997,-2.527,-40.571,-2.33,831.036,1741.249,910.213,14.0,-1.541,-1300.543,187.481,-328.684,2.336,30.353,153.624,713.623,0.333,-46.433,-65.177,-24.756,-63.104,10.0,-36.526,269.0,58.0,34.205,-60.872,0.677,-2.655,2.205,36.717,172.73,0.601,-2.691,-75.345,-2.622,-78.665,0.513,11
-605.096,-2.249,-54.629,-2.817,-49.856,-2.571,1047.952,1939.214,891.262,20.0,-1.742,-1318.658,187.45,-334.409,2.426,31.64,145.797,728.224,0.344,-47.376,-65.203,-27.162,-63.144,13.0,-34.374,269.0,61.0,31.906,-54.978,0.664,-2.717,1.917,35.559,176.536,0.624,-2.786,-80.804,-2.655,-84.954,0.495,11
-605.425,-2.251,-53.45,-2.711,-50.613,-2.567,1017.405,1971.301,953.896,17.0,-1.884,-1319.962,182.562,-333.632,2.386,31.219,146.257,729.564,0.312,-47.371,-66.445,-25.218,-62.676,13.0,-34.684,269.0,61.0,34.282,-55.464,0.658,-2.699,1.856,35.898,177.621,0.646,-2.717,-78.787,-2.683,-85.847,0.265,11
-596.382,-2.218,-44.749,-2.492,-39.893,-2.222,809.464,1795.513,986.049,13.0,-1.738,-1304.582,188.923,-329.41,2.371,31.172,152.234,719.459,0.334,-43.981,-66.732,-25.014,-64.832,9.0,-36.609,269.0,59.0,36.447,-60.788,0.644,-2.654,2.306,35.233,168.681,0.583,-2.618,-73.295,-2.687,-83.294,0.479,11
-604.246,-2.246,-45.648,-2.495,-43.024,-2.352,906.675,1829.609,922.934,18.0,-1.614,-1304.352,188.733,-334.756,2.372,31.206,152.262,719.25,0.274,-46.416,-67.737,-23.806,-63.878,9.0,-37.153,269.0,59.0,34.13,-61.269,0.656,-2.755,2.014,35.802,170.299,0.586,-2.733,-76.51,-2.775,-86.028,0.667,21
-612.445,-2.277,-56.619,-2.832,-52.82,-2.642,1014.478,1999.424,984.946,16.0,-1.791,-1329.729,190.941,-339.902,2.396,31.02,147.699,734.605,0.343,-51.269,-65.582,-26.746,-63.978,14.0,-34.635,269.0,62.0,33.876,-55.486,0.69,-2.765,1.89,35.666,178.131,0.648,-2.77,-77.547,-2.762,-93.903,0.449,21
-591.918,-2.201,-45.972,-2.605,-42.605,-2.414,878.082,1764.528,886.446,13.0,-1.852,-1291.866,184.47,-328.67,2.361,29.911,150.149,712.59,0.344,-47.332,-64.185,-24.351,-62.344,10.0,-35.929,269.0,57.0,32.216,-60.693,0.656,-2.655,1.945,38.252,172.909,0.574,-2.771,-74.823,-2.551,-76.523,0.5,21
-604.639,-2.248,-54.129,-2.745,-50.295,-2.551,1038.306,1971.731,933.424,17.0,-1.881,-1320.987,183.015,-334.163,2.36,31.14,146.904,730.748,0.319,-47.6,-66.345,-25.525,-62.677,13.0,-34.636,269.0,60.0,34.0,-54.63,0.673,-2.753,1.923,36.44,176.975,0.644,-2.72,-78.881,-2.784,-86.315,0.301,21
-606.886,-2.256,-55.572,-2.846,-50.946,-2.609,1019.051,1952.911,933.861,14.0,-1.791,-1323.001,187.376,-335.127,2.387,31.112,148.888,734.261,0.35,-50.882,-65.57,-28.231,-63.137,14.0,-34.203,269.0,62.0,33.88,-55.969,0.695,-2.738,1.764,35.935,175.129,0.643,-2.783,-77.92,-2.701,-91.823,0.291,21
-602.832,-2.241,-48.006,-2.611,-42.897,-2.334,850.237,1838.272,988.035,12.0,-1.731,-1306.485,191.527,-337.135,2.371,30.792,153.295,719.7,0.348,-46.644,-67.633,-25.731,-64.027,12.0,-36.151,269.0,60.0,35.795,-60.989,0.672,-2.745,2.049,36.572,171.104,0.595,-2.753,-77.072,-2.738,-87.617,0.49,21
-604.779,-2.248,-54.152,-2.757,-50.282,-2.56,1020.169,1964.12,943.951,19.0,-1.939,-1322.162,184.747,-333.184,2.393,31.218,146.481,729.404,0.317,-47.327,-66.112,-25.375,-62.989,13.0,-34.571,269.0,61.0,34.078,-55.082,0.669,-2.701,1.87,35.893,177.621,0.649,-2.725,-79.016,-2.68,-85.772,0.256,21
-607.079,-2.257,-55.115,-2.786,-52.476,-2.652,1028.239,1978.552,950.313,17.0,-1.849,-1327.162,187.722,-338.275,2.413,30.995,148.753,733.472,0.336,-50.678,-66.067,-26.814,-64.092,14.0,-33.723,269.0,63.0,35.209,-55.005,0.743,-2.722,1.866,36.796,179.112,0.652,-2.715,-78.744,-2.728,-92.768,0.249,21
-604.509,-2.247,-47.812,-2.601,-42.549,-2.315,862.37,1838.332,975.962,17.0,-1.677,-1306.564,191.665,-337.43,2.376,30.928,151.665,720.574,0.331,-47.18,-67.258,-25.464,-63.612,10.0,-36.128,269.0,60.0,35.222,-61.069,0.593,-2.76,2.112,36.831,169.96,0.586,-2.755,-77.136,-2.764,-88.447,0.54,21
-606.997,-2.256,-54.449,-2.78,-50.875,-2.598,1025.88,1958.475,932.595,16.0,-1.688,-1318.463,183.161,-334.031,2.382,30.856,147.29,731.931,0.329,-50.965,-65.905,-28.219,-62.901,13.0,-32.868,269.0,62.0,33.518,-55.581,0.678,-2.735,1.801,34.994,177.268,0.635,-2.767,-80.252,-2.706,-89.313,0.423,21
-592.339,-2.202,-44.857,-2.355,-40.673,-2.135,906.311,1904.811,998.5,17.0,-1.936,-1300.349,188.324,-340.555,2.32,30.636,143.744,730.921,0.305,-51.684,-68.003,-27.987,-61.63,12.0,-33.358,269.0,62.0,36.763,-57.595,0.672,-2.712,1.348,37.918,178.067,0.598,-2.533,-73.465,-2.868,-94.66,0.715,4
-599.538,-2.228,-49.724,-2.563,-46.683,-2.407,994.338,1939.825,945.487,16.0,-1.91,-1314.272,188.752,-335.979,2.351,31.656,144.175,731.587,0.3,-45.782,-67.003,-28.721,-62.371,11.0,-34.081,269.0,60.0,33.451,-55.436,0.628,-2.733,1.638,36.988,175.223,0.6,-2.735,-76.568,-2.732,-87.433,0.196,4
-599.006,-2.227,-47.607,-2.528,-42.738,-2.27,898.503,1882.88,984.377,15.0,-1.693,-1306.757,191.016,-339.906,2.299,31.74,143.569,734.472,0.338,-48.143,-66.1,-26.65,-61.54,11.0,-35.487,269.0,63.0,31.674,-56.643,0.64,-2.699,1.606,35.949,170.808,0.583,-2.625,-76.125,-2.762,-93.895,0.78,4
-584.481,-2.173,-43.903,-2.342,-39.583,-2.112,958.915,1874.51,915.596,15.0,-1.759,-1301.662,190.164,-336.694,2.322,30.493,145.134,726.079,0.284,-47.637,-66.275,-22.709,-62.476,11.0,-35.186,269.0,57.0,36.385,-57.522,0.693,-2.717,1.755,36.418,178.055,0.611,-2.411,-65.085,-2.993,-89.786,0.634,4
-596.488,-2.217,-43.901,-2.482,-40.989,-2.317,856.993,1768.788,911.796,19.0,-1.844,-1311.735,190.599,-333.509,2.356,31.012,147.626,728.278,0.322,-50.025,-65.974,-24.555,-63.273,10.0,-35.394,269.0,58.0,37.063,-56.866,0.682,-2.714,1.59,34.684,172.75,0.602,-2.63,-73.628,-2.793,-83.799,0.731,4
-600.827,-2.234,-50.215,-2.6,-46.892,-2.428,974.733,1931.304,956.571,16.0,-1.826,-1310.666,186.061,-333.416,2.356,31.405,142.347,729.956,0.324,-45.73,-66.517,-28.297,-62.436,12.0,-34.491,269.0,61.0,33.352,-55.911,0.63,-2.717,1.709,36.483,174.603,0.592,-2.733,-79.252,-2.702,-86.474,0.19,4
-601.126,-2.235,-50.879,-2.646,-47.351,-2.463,1032.796,1922.599,889.803,16.0,-1.97,-1309.764,185.223,-333.975,2.327,31.353,143.612,728.515,0.309,-47.049,-67.15,-27.721,-62.261,11.0,-33.596,269.0,60.0,33.5,-56.337,0.676,-2.727,1.738,37.224,175.017,0.593,-2.777,-77.753,-2.683,-85.865,0.188,4
-589.375,-2.191,-46.968,-2.481,-43.936,-2.321,974.801,1892.766,917.966,16.0,-1.956,-1297.478,192.181,-335.869,2.34,31.848,145.741,723.613,0.32,-48.617,-67.337,-28.522,-60.712,11.0,-34.066,269.0,60.0,35.584,-57.772,0.612,-2.788,1.487,34.84,175.088,0.542,-2.741,-74.014,-2.827,-93.284,0.232,4
-587.155,-2.183,-46.258,-2.367,-42.46,-2.173,948.397,1953.973,1005.576,16.0,-1.767,-1301.723,190.678,-334.534,2.324,31.716,145.49,729.605,0.285,-50.234,-67.064,-28.776,-61.092,11.0,-33.531,269.0,63.0,35.117,-57.741,0.706,-2.682,1.369,36.272,176.53,0.587,-2.588,-75.052,-2.761,-93.883,0.206,4
-596.518,-2.216,-48.535,-2.59,-44.77,-2.39,954.032,1873.623,919.591,17.0,-1.922,-1304.809,188.62,-340.171,2.383,30.303,145.242,724.689,0.263,-44.229,-66.32,-26.088,-62.979,11.0,-34.94,269.0,60.0,36.456,-57.491,0.682,-2.723,1.853,35.659,176.967,0.625,-2.614,-70.583,-2.811,-92.779,0.259,4
-591.918,-2.201,-45.972,-2.605,-42.605,-2.414,878.082,1764.528,886.446,13.0,-1.852,-1291.866,184.47,-328.67,2.361,29.911,150.149,712.59,0.344,-47.332,-64.185,-24.351,-62.344,10.0,-35.929,269.0,57.0,32.216,-60.693,0.656,-2.655,1.945,38.252,172.909,0.574,-2.771,-74.823,-2.551,-76.523,0.5,20
-603.786,-2.245,-48.103,-2.587,-42.928,-2.308,844.755,1859.588,1014.833,12.0,-1.735,-1304.821,190.728,-337.322,2.35,30.829,152.078,720.786,0.348,-48.107,-67.078,-25.67,-63.72,12.0,-35.795,269.0,60.0,35.424,-61.184,0.602,-2.754,2.128,36.342,170.299,0.596,-2.759,-77.255,-2.749,-87.969,0.682,20
-597.857,-2.223,-45.631,-2.578,-42.665,-2.41,857.334,1770.101,912.768,13.0,-1.763,-1300.637,186.219,-330.963,2.323,30.011,151.298,718.641,0.365,-49.085,-63.821,-25.722,-62.725,11.0,-35.386,269.0,58.0,32.063,-62.147,0.628,-2.662,1.964,37.028,174.244,0.569,-2.747,-76.926,-2.582,-77.449,0.602,20
-608.663,-2.263,-47.899,-2.584,-42.589,-2.298,856.402,1853.534,997.132,13.0,-1.523,-1305.404,190.168,-340.15,2.376,30.963,150.846,720.579,0.338,-47.291,-69.402,-25.096,-63.822,11.0,-35.758,269.0,59.0,33.856,-61.071,0.657,-2.777,1.794,36.144,173.604,0.588,-2.752,-77.043,-2.8,-86.804,0.523,20
-607.079,-2.257,-55.115,-2.786,-52.476,-2.652,1028.239,1978.552,950.313,17.0,-1.849,-1327.162,187.722,-338.275,2.413,30.995,148.753,733.472,0.336,-50.678,-66.067,-26.814,-64.092,14.0,-33.723,269.0,63.0,35.209,-55.005,0.743,-2.722,1.866,36.796,179.112,0.652,-2.715,-78.744,-2.728,-92.768,0.249,20
-604.509,-2.247,-47.812,-2.601,-42.549,-2.315,862.37,1838.332,975.962,17.0,-1.677,-1306.564,191.665,-337.43,2.376,30.928,151.665,720.574,0.331,-47.18,-67.258,-25.464,-63.612,10.0,-36.128,269.0,60.0,35.222,-61.069,0.593,-2.76,2.112,36.831,169.96,0.586,-2.755,-77.136,-2.764,-88.447,0.54,20
-604.779,-2.248,-54.152,-2.757,-50.282,-2.56,1020.169,1964.12,943.951,19.0,-1.939,-1322.162,184.747,-333.184,2.393,31.218,146.481,729.404,0.317,-47.327,-66.112,-25.375,-62.989,13.0,-34.571,269.0,61.0,34.078,-55.082,0.669,-2.701,1.87,35.893,177.621,0.649,-2.725,-79.016,-2.68,-85.772,0.256,20
-606.05,-2.253,-50.742,-2.661,-44.533,-2.335,905.446,1907.108,1001.661,16.0,-1.942,-1302.753,190.951,-339.052,2.328,30.04,152.06,725.553,0.335,-52.081,-67.229,-24.325,-63.412,12.0,-36.96,269.0,63.0,32.308,-62.688,0.656,-2.777,2.375,38.223,169.879,0.637,-2.625,-76.125,-2.907,-98.853,0.677,20
-598.375,-2.225,-56.012,-2.829,-51.668,-2.61,1030.311,1979.682,949.371,16.0,-1.674,-1310.764,184.024,-335.031,2.339,30.988,145.563,732.257,0.32,-47.594,-66.106,-24.97,-63.053,13.0,-34.674,269.0,61.0,33.327,-55.047,0.712,-2.721,1.867,35.712,174.156,0.652,-2.772,-77.607,-2.678,-88.366,0.306,20
-606.886,-2.256,-55.572,-2.846,-50.946,-2.609,1019.051,1952.911,933.861,14.0,-1.791,-1323.001,187.376,-335.127,2.387,31.112,148.888,734.261,0.35,-50.882,-65.57,-28.231,-63.137,14.0,-34.203,269.0,62.0,33.88,-55.969,0.695,-2.738,1.764,35.935,175.129,0.643,-2.783,-77.92,-2.701,-91.823,0.291,20
-608.044,-2.261,-56.974,-2.832,-51.101,-2.54,1069.796,2011.508,941.712,16.0,-1.499,-1321.987,186.533,-335.388,2.396,30.402,150.119,729.573,0.329,-50.309,-62.142,-23.504,-63.561,14.0,-34.57,269.0,62.0,30.723,-57.241,0.657,-2.767,1.956,33.616,176.446,0.651,-2.857,-77.127,-2.698,-94.439,0.394,41
-602.155,-2.237,-56.239,-2.935,-50.645,-2.643,960.867,1916.225,955.358,19.0,-1.859,-1316.815,184.742,-332.137,2.315,30.585,152.121,727.96,0.311,-48.038,-62.165,-24.706,-64.931,13.0,-36.192,269.0,65.0,32.7,-59.734,0.659,-2.655,1.951,40.592,171.197,0.64,-2.571,-77.144,-2.726,-95.42,0.257,41
-609.157,-2.265,-59.072,-2.902,-53.351,-2.621,1018.411,2035.331,1016.919,16.0,-1.635,-1316.213,188.485,-338.572,2.404,30.671,149.735,722.853,0.344,-49.344,-66.083,-22.728,-63.625,15.0,-35.123,269.0,60.0,34.941,-57.785,0.703,-2.828,1.872,32.469,177.885,0.642,-2.732,-76.491,-2.911,-93.163,0.637,41
-601.679,-2.237,-57.531,-2.871,-53.79,-2.684,1031.767,2003.834,972.067,21.0,-1.608,-1310.759,188.018,-337.645,2.364,30.464,151.158,724.094,0.333,-48.315,-65.246,-26.26,-62.599,15.0,-34.888,269.0,67.0,29.089,-58.372,0.594,-2.642,1.897,36.425,180.215,0.646,-2.573,-77.197,-2.698,-99.831,0.29,41
-609.336,-2.264,-54.434,-2.726,-49.887,-2.499,1035.779,1996.612,960.833,17.0,-1.606,-1329.917,190.853,-334.882,2.408,30.969,153.102,731.303,0.331,-50.798,-61.926,-26.226,-63.516,14.0,-34.501,269.0,62.0,31.987,-57.222,0.684,-2.745,1.878,33.561,174.826,0.653,-2.801,-78.437,-2.698,-91.738,0.369,41
-610.73,-2.27,-56.698,-2.817,-51.135,-2.541,1063.182,2012.646,949.464,16.0,-1.546,-1328.828,188.192,-335.208,2.419,30.667,152.365,728.611,0.327,-50.489,-61.933,-23.218,-63.37,14.0,-34.516,269.0,62.0,31.133,-57.192,0.632,-2.783,1.799,32.771,177.318,0.647,-2.85,-76.947,-2.731,-95.591,0.297,41
-603.883,-2.245,-58.052,-2.885,-53.14,-2.641,1040.504,2012.143,971.639,15.0,-1.674,-1321.12,187.994,-337.439,2.4,31.054,152.051,727.86,0.332,-49.781,-66.009,-24.076,-63.484,14.0,-35.197,269.0,61.0,36.191,-56.289,0.673,-2.787,1.917,34.264,176.834,0.64,-2.77,-77.554,-2.801,-92.448,0.621,41
-610.684,-2.27,-59.251,-2.982,-54.525,-2.744,1087.833,1986.9,899.066,20.0,-1.314,-1321.845,185.729,-336.339,2.389,30.804,151.96,725.897,0.301,-51.335,-61.205,-22.513,-64.161,13.0,-37.812,269.0,64.0,30.568,-56.683,0.632,-2.665,2.014,34.519,178.398,0.631,-2.709,-78.549,-2.629,-92.008,0.246,41
-598.918,-2.226,-58.04,-2.865,-54.276,-2.679,1042.063,2025.838,983.775,20.0,-1.528,-1311.405,187.68,-337.98,2.354,31.074,151.303,728.865,0.333,-48.816,-64.46,-27.45,-62.757,15.0,-35.329,269.0,67.0,29.251,-58.346,0.628,-2.623,1.827,37.135,179.332,0.653,-2.611,-80.944,-2.633,-94.77,0.332,41
-613.281,-2.28,-55.713,-2.779,-53.489,-2.668,1008.063,2004.624,996.561,17.0,-1.653,-1325.629,189.394,-339.518,2.415,31.004,149.187,732.108,0.312,-50.377,-65.782,-28.646,-63.688,13.0,-34.449,269.0,62.0,32.642,-55.443,0.722,-2.805,1.908,35.356,177.621,0.647,-2.836,-79.399,-2.78,-94.534,0.267,41
-591.918,-2.201,-45.972,-2.605,-42.605,-2.414,878.082,1764.528,886.446,13.0,-1.852,-1291.866,184.47,-328.67,2.361,29.911,150.149,712.59,0.344,-47.332,-64.185,-24.351,-62.344,10.0,-35.929,269.0,57.0,32.216,-60.693,0.656,-2.655,1.945,38.252,172.909,0.574,-2.771,-74.823,-2.551,-76.523,0.5,18
-603.675,-2.243,-53.218,-2.697,-49.681,-2.518,1053.3,1973.307,920.007,11.0,-1.732,-1317.709,186.597,-332.594,2.403,31.251,145.312,725.186,0.318,-47.578,-66.374,-24.62,-62.3,13.0,-34.724,269.0,61.0,33.277,-55.684,0.696,-2.749,1.936,35.378,178.131,0.627,-2.737,-76.64,-2.759,-91.051,0.169,18
-605.393,-2.251,-55.141,-2.792,-50.995,-2.582,1058.325,1974.881,916.556,17.0,-1.745,-1313.398,184.946,-334.447,2.356,31.039,144.942,728.135,0.317,-47.408,-66.307,-26.895,-62.859,12.0,-34.576,269.0,61.0,33.208,-54.748,0.687,-2.757,1.735,35.303,175.028,0.64,-2.758,-77.217,-2.756,-90.944,0.301,18
-608.775,-2.263,-52.747,-2.681,-49.041,-2.493,1001.932,1967.436,965.504,19.0,-1.838,-1317.052,185.012,-331.824,2.391,31.024,144.05,724.912,0.324,-47.315,-65.498,-26.651,-63.021,12.0,-34.602,269.0,61.0,33.544,-55.995,0.677,-2.778,1.71,34.311,177.794,0.626,-2.794,-78.238,-2.763,-91.194,0.272,18
-603.786,-2.245,-48.103,-2.587,-42.928,-2.308,844.755,1859.588,1014.833,12.0,-1.735,-1304.821,190.728,-337.322,2.35,30.829,152.078,720.786,0.348,-48.107,-67.078,-25.67,-63.72,12.0,-35.795,269.0,60.0,35.424,-61.184,0.602,-2.754,2.128,36.342,170.299,0.596,-2.759,-77.255,-2.749,-87.969,0.682,18
-605.136,-2.25,-50.196,-2.625,-44.423,-2.323,913.144,1912.319,999.175,14.0,-1.961,-1305.914,190.714,-339.225,2.327,30.024,152.693,726.254,0.327,-51.861,-67.472,-23.926,-62.996,13.0,-37.096,269.0,62.0,32.697,-61.179,0.628,-2.823,2.26,38.467,170.405,0.629,-2.754,-77.11,-2.879,-97.898,0.651,18
-601.597,-2.236,-48.157,-2.631,-42.888,-2.343,846.13,1830.398,984.268,14.0,-1.657,-1304.819,189.52,-330.569,2.323,30.787,152.694,716.291,0.338,-48.56,-66.695,-22.942,-63.962,11.0,-36.232,269.0,59.0,35.397,-61.181,0.658,-2.775,2.069,36.068,169.314,0.594,-2.747,-76.921,-2.8,-86.789,0.557,18
-610.813,-2.271,-55.25,-2.806,-51.415,-2.611,1015.218,1969.144,953.926,16.0,-1.648,-1317.952,184.848,-337.697,2.299,31.128,147.04,731.753,0.356,-50.85,-64.941,-26.839,-63.486,14.0,-33.851,269.0,62.0,32.137,-56.721,0.659,-2.748,1.972,33.223,178.526,0.622,-2.822,-79.012,-2.687,-91.352,0.248,18
-604.779,-2.248,-54.152,-2.757,-50.282,-2.56,1020.169,1964.12,943.951,19.0,-1.939,-1322.162,184.747,-333.184,2.393,31.218,146.481,729.404,0.317,-47.327,-66.112,-25.375,-62.989,13.0,-34.571,269.0,61.0,34.078,-55.082,0.669,-2.701,1.87,35.893,177.621,0.649,-2.725,-79.016,-2.68,-85.772,0.256,18
-603.595,-2.244,-48.058,-2.612,-42.937,-2.333,835.2,1840.17,1004.97,15.0,-1.648,-1307.254,191.691,-337.954,2.369,30.945,153.231,721.355,0.35,-48.347,-67.308,-25.728,-63.799,12.0,-36.064,269.0,60.0,35.815,-60.921,0.638,-2.752,2.156,36.982,170.299,0.596,-2.757,-77.195,-2.748,-87.941,0.586,18
-608.775,-2.263,-52.747,-2.681,-49.041,-2.493,1001.932,1967.436,965.504,19.0,-1.838,-1317.052,185.012,-331.824,2.391,31.024,144.05,724.912,0.324,-47.315,-65.498,-26.651,-63.021,12.0,-34.602,269.0,61.0,33.544,-55.995,0.677,-2.778,1.71,34.311,177.794,0.626,-2.794,-78.238,-2.763,-91.194,0.272,16
-603.675,-2.243,-53.218,-2.697,-49.681,-2.518,1053.3,1973.307,920.007,11.0,-1.732,-1317.709,186.597,-332.594,2.403,31.251,145.312,725.186,0.318,-47.578,-66.374,-24.62,-62.3,13.0,-34.724,269.0,61.0,33.277,-55.684,0.696,-2.749,1.936,35.378,178.131,0.627,-2.737,-76.64,-2.759,-91.051,0.169,16
-603.595,-2.244,-48.058,-2.612,-42.937,-2.333,835.2,1840.17,1004.97,15.0,-1.648,-1307.254,191.691,-337.954,2.369,30.945,153.231,721.355,0.35,-48.347,-67.308,-25.728,-63.799,12.0,-36.064,269.0,60.0,35.815,-60.921,0.638,-2.752,2.156,36.982,170.299,0.596,-2.757,-77.195,-2.748,-87.941,0.586,16
-591.806,-2.2,-43.235,-2.402,-39.705,-2.206,844.048,1799.818,955.771,11.0,-1.489,-1294.71,186.807,-322.714,2.343,30.356,151.417,706.748,0.333,-47.968,-64.2,-22.239,-62.049,9.0,-37.592,269.0,58.0,31.949,-61.178,0.649,-2.614,2.012,38.904,171.289,0.59,-2.683,-75.118,-2.55,-76.503,0.507,16
-602.306,-2.239,-48.01,-2.602,-42.755,-2.317,855.628,1845.277,989.649,15.0,-1.659,-1306.986,190.018,-337.203,2.361,30.204,153.502,719.07,0.348,-48.178,-67.467,-25.592,-63.8,12.0,-36.057,269.0,60.0,35.568,-60.318,0.726,-2.723,2.141,37.748,173.769,0.594,-2.755,-77.128,-2.695,-86.244,0.573,16
-605.359,-2.25,-55.259,-2.813,-51.864,-2.64,1036.342,1964.164,927.823,14.0,-1.756,-1318.414,183.635,-337.911,2.377,30.857,147.831,732.975,0.321,-50.614,-66.618,-26.298,-62.928,13.0,-33.474,269.0,60.0,34.669,-54.672,0.626,-2.76,1.682,36.11,176.816,0.639,-2.759,-77.263,-2.76,-88.329,0.373,16
-593.754,-2.207,-45.793,-2.591,-42.392,-2.398,829.22,1767.44,938.22,10.0,-1.753,-1290.801,183.57,-325.667,2.357,29.869,151.235,707.065,0.36,-47.872,-64.365,-23.798,-62.381,11.0,-36.29,269.0,57.0,31.26,-61.303,0.65,-2.677,1.973,38.728,173.781,0.588,-2.759,-77.255,-2.599,-75.361,0.638,16
-606.413,-2.254,-51.566,-2.622,-48.021,-2.442,1036.404,1966.655,930.251,18.0,-1.896,-1316.861,184.912,-331.596,2.387,31.163,145.887,725.127,0.32,-47.687,-66.186,-26.652,-62.652,12.0,-33.933,269.0,60.0,33.269,-56.23,0.649,-2.708,1.893,34.414,177.794,0.622,-2.734,-76.539,-2.685,-85.935,0.434,16
-607.917,-2.26,-52.698,-2.687,-49.152,-2.507,1053.768,1960.841,907.073,17.0,-1.712,-1312.711,185.617,-334.555,2.294,31.095,144.221,729.237,0.325,-47.126,-65.293,-26.838,-63.364,12.0,-34.995,269.0,61.0,30.991,-56.486,0.722,-2.727,2.014,32.545,176.911,0.599,-2.736,-76.614,-2.72,-89.75,0.237,16
-604.779,-2.248,-54.152,-2.757,-50.282,-2.56,1020.169,1964.12,943.951,19.0,-1.939,-1322.162,184.747,-333.184,2.393,31.218,146.481,729.404,0.317,-47.327,-66.112,-25.375,-62.989,13.0,-34.571,269.0,61.0,34.078,-55.082,0.669,-2.701,1.87,35.893,177.621,0.649,-2.725,-79.016,-2.68,-85.772,0.256,16
-607.926,-2.26,-58.587,-2.935,-55.162,-2.763,973.776,1996.339,1022.563,15.0,-2.081,-1317.004,187.104,-341.0,2.347,30.551,150.451,734.825,0.323,-49.173,-64.305,-29.447,-64.79,14.0,-36.496,269.0,65.0,33.158,-58.861,0.643,-2.782,1.656,37.92,176.834,0.676,-2.63,-78.911,-2.912,-101.914,0.384,27
-609.076,-2.264,-58.03,-2.949,-52.852,-2.686,1076.3,1967.795,891.496,15.0,-1.563,-1327.989,191.546,-342.012,2.37,30.41,153.598,734.81,0.345,-49.355,-64.741,-29.357,-64.276,14.0,-35.64,269.0,65.0,32.81,-57.174,0.701,-2.744,1.815,36.602,178.701,0.663,-2.64,-79.208,-2.833,-99.167,0.369,27
-599.897,-2.23,-47.016,-2.632,-41.801,-2.34,774.432,1786.229,1011.797,11.0,-1.715,-1301.66,190.807,-336.298,2.376,30.722,150.967,716.758,0.34,-47.376,-67.565,-24.376,-63.576,11.0,-35.954,269.0,59.0,36.137,-60.807,0.634,-2.749,2.293,36.886,172.02,0.6,-2.74,-76.716,-2.758,-85.493,0.465,27
-605.094,-2.25,-55.286,-2.783,-51.904,-2.613,993.285,1986.521,993.237,13.0,-1.485,-1316.022,183.999,-337.291,2.359,30.799,147.701,733.24,0.325,-50.616,-68.092,-24.28,-63.846,13.0,-36.006,269.0,60.0,35.253,-56.486,0.627,-2.765,1.79,33.821,179.478,0.631,-2.727,-76.357,-2.799,-89.568,0.591,27
-609.336,-2.264,-54.434,-2.726,-49.887,-2.499,1035.779,1996.612,960.833,17.0,-1.606,-1329.917,190.853,-334.882,2.408,30.969,153.102,731.303,0.331,-50.798,-61.926,-26.226,-63.516,14.0,-34.501,269.0,62.0,31.987,-57.222,0.684,-2.745,1.878,33.561,174.826,0.653,-2.801,-78.437,-2.698,-91.738,0.369,27
-609.873,-2.266,-46.231,-2.586,-40.996,-2.293,843.286,1787.981,944.695,12.0,-1.674,-1296.717,188.734,-338.65,2.371,30.596,145.273,714.88,0.365,-49.487,-69.189,-24.596,-63.723,12.0,-34.381,269.0,57.0,35.29,-60.469,0.673,-2.837,1.881,34.374,174.988,0.552,-2.739,-76.681,-2.932,-85.025,0.627,27
-608.304,-2.261,-55.683,-2.783,-52.624,-2.63,1057.38,2001.12,943.74,14.0,-1.53,-1322.753,188.544,-339.148,2.389,30.723,149.607,731.777,0.321,-50.456,-65.026,-24.286,-63.461,13.0,-35.407,269.0,62.0,32.379,-55.679,0.696,-2.752,1.93,34.888,176.806,0.644,-2.767,-77.474,-2.74,-93.155,0.399,27
-613.413,-2.28,-54.986,-2.784,-51.696,-2.618,1048.278,1974.98,926.702,10.0,-1.566,-1318.773,186.556,-338.54,2.39,30.664,147.877,728.766,0.318,-50.511,-65.485,-25.392,-63.351,13.0,-35.185,269.0,62.0,31.478,-56.132,0.695,-2.816,1.856,34.348,177.23,0.623,-2.802,-78.462,-2.828,-96.136,0.357,27
-607.05,-2.257,-55.078,-2.746,-51.354,-2.56,1018.28,2006.034,987.754,19.0,-1.817,-1322.314,188.667,-333.275,2.416,31.155,148.001,723.862,0.32,-47.091,-65.198,-26.183,-63.585,13.0,-36.336,269.0,62.0,33.301,-54.431,0.666,-2.816,1.883,35.699,177.968,0.633,-2.835,-79.369,-2.801,-95.251,0.229,27
-611.723,-2.274,-56.35,-2.906,-52.382,-2.701,1010.048,1939.375,929.327,15.0,-1.496,-1310.747,180.604,-339.949,2.33,30.009,151.154,724.121,0.321,-49.166,-65.179,-27.471,-63.4,14.0,-35.64,269.0,64.0,32.591,-58.975,0.646,-2.825,1.647,36.594,180.903,0.629,-2.628,-76.203,-2.988,-104.597,0.348,27
-597.989,-2.223,-46.977,-2.517,-41.386,-2.218,893.048,1866.285,973.237,16.0,-1.684,-1313.898,187.293,-334.377,2.382,30.629,145.919,736.158,0.352,-45.525,-67.651,-27.82,-63.749,11.0,-34.808,269.0,62.0,35.486,-58.526,0.638,-2.61,1.845,33.163,176.595,0.599,-2.619,-75.953,-2.602,-85.882,0.578,7
-591.822,-2.198,-46.897,-2.382,-40.079,-2.036,953.532,1968.54,1015.007,16.0,-1.78,-1305.857,192.404,-338.146,2.34,31.211,144.704,733.989,0.318,-50.359,-66.958,-27.97,-61.382,11.0,-36.054,269.0,62.0,34.747,-57.531,0.586,-2.732,1.382,35.651,177.174,0.585,-2.675,-74.893,-2.78,-94.512,0.614,7
-601.013,-2.233,-51.095,-2.595,-47.106,-2.392,996.565,1969.168,972.603,15.0,-1.744,-1317.018,187.046,-338.606,2.394,31.307,146.205,729.992,0.315,-46.967,-66.572,-26.157,-62.656,12.0,-33.619,269.0,60.0,33.692,-54.464,0.642,-2.772,1.77,37.708,176.469,0.628,-2.799,-81.177,-2.746,-85.121,0.208,7
-590.165,-2.194,-48.24,-2.502,-43.206,-2.241,939.795,1928.349,988.554,15.0,-2.016,-1295.29,191.231,-338.384,2.26,31.559,138.046,740.164,0.336,-47.78,-65.506,-26.401,-61.781,10.0,-35.685,269.0,64.0,29.047,-56.276,0.646,-2.672,1.935,35.875,168.495,0.608,-2.68,-77.707,-2.665,-93.277,0.343,7
-594.939,-2.212,-49.621,-2.59,-47.191,-2.463,914.902,1916.119,1001.217,20.0,-1.924,-1307.85,184.269,-333.916,2.368,31.249,143.763,727.468,0.306,-48.498,-66.552,-28.77,-62.215,11.0,-32.815,269.0,60.0,34.47,-55.436,0.66,-2.756,1.649,38.483,179.137,0.596,-2.741,-79.485,-2.771,-85.898,0.181,7
-597.851,-2.222,-43.893,-2.517,-40.816,-2.34,772.856,1744.179,971.323,14.0,-1.653,-1305.721,191.884,-332.935,2.406,30.883,148.994,719.1,0.335,-49.311,-67.221,-22.824,-63.035,10.0,-35.395,269.0,57.0,35.627,-57.83,0.678,-2.689,1.552,33.819,172.922,0.606,-2.713,-75.972,-2.665,-77.285,0.886,7
-593.85,-2.208,-43.997,-2.527,-40.571,-2.33,831.036,1741.249,910.213,14.0,-1.541,-1300.543,187.481,-328.684,2.336,30.353,153.624,713.623,0.333,-46.433,-65.177,-24.756,-63.104,10.0,-36.526,269.0,58.0,34.205,-60.872,0.677,-2.655,2.205,36.717,172.73,0.601,-2.691,-75.345,-2.622,-78.665,0.513,7
-596.734,-2.218,-49.113,-2.479,-45.051,-2.274,1056.099,1980.798,924.699,14.0,-1.736,-1309.771,191.783,-337.993,2.363,31.509,147.86,728.762,0.302,-49.3,-66.088,-25.312,-62.401,10.0,-33.916,269.0,64.0,36.573,-59.397,0.69,-2.758,1.73,33.415,174.821,0.557,-2.606,-75.57,-2.883,-100.915,0.367,7
-605.425,-2.251,-53.45,-2.711,-50.613,-2.567,1017.405,1971.301,953.896,17.0,-1.884,-1319.962,182.562,-333.632,2.386,31.219,146.257,729.564,0.312,-47.371,-66.445,-25.218,-62.676,13.0,-34.684,269.0,61.0,34.282,-55.464,0.658,-2.699,1.856,35.898,177.621,0.646,-2.717,-78.787,-2.683,-85.847,0.265,7
-596.51,-2.216,-50.623,-2.645,-47.256,-2.469,967.134,1913.907,946.773,18.0,-1.899,-1306.01,184.688,-335.983,2.352,31.314,142.871,728.555,0.309,-48.429,-67.549,-27.489,-62.333,11.0,-33.256,269.0,60.0,33.997,-55.735,0.63,-2.72,1.66,38.558,177.985,0.598,-2.773,-77.651,-2.674,-85.571,0.193,7
-614.063,-2.283,-56.473,-2.864,-53.149,-2.695,1003.179,1972.013,968.834,14.0,-1.621,-1319.776,185.41,-341.089,2.375,31.126,147.3,733.841,0.318,-51.077,-66.393,-28.694,-63.648,13.0,-34.007,269.0,60.0,32.047,-55.371,0.604,-2.861,1.844,35.785,177.621,0.643,-2.817,-78.876,-2.9,-92.81,0.265,38
-606.606,-2.255,-55.836,-2.807,-52.041,-2.616,1046.872,1989.224,942.352,16.0,-1.83,-1320.172,184.344,-336.705,2.393,31.469,147.58,734.119,0.323,-47.493,-66.777,-26.556,-63.699,13.0,-35.852,269.0,59.0,35.295,-55.603,0.661,-2.908,1.865,31.567,178.806,0.631,-2.72,-76.162,-3.077,-95.39,0.643,38
-602.159,-2.239,-57.53,-2.831,-53.878,-2.651,1048.033,2032.244,984.211,13.0,-1.668,-1318.383,188.01,-337.994,2.392,30.794,150.759,727.476,0.323,-49.619,-65.972,-23.869,-63.454,14.0,-35.427,269.0,60.0,36.679,-56.525,0.713,-2.774,1.872,34.195,177.885,0.639,-2.731,-76.477,-2.811,-89.96,0.692,38
-607.473,-2.258,-55.996,-2.818,-51.165,-2.575,1014.686,1986.879,972.193,13.0,-1.848,-1314.964,184.473,-333.566,2.388,31.226,146.48,727.378,0.329,-47.562,-66.711,-24.733,-63.75,13.0,-35.752,269.0,60.0,33.896,-55.881,0.648,-2.832,1.757,31.697,177.364,0.618,-2.768,-77.515,-2.888,-92.427,0.633,38
-595.805,-2.215,-59.201,-2.919,-54.831,-2.703,1020.771,2028.42,1007.649,21.0,-1.928,-1302.997,184.921,-335.402,2.306,30.201,150.146,723.635,0.323,-48.486,-65.137,-27.16,-64.459,14.0,-34.906,269.0,64.0,31.278,-58.235,0.614,-2.701,2.614,41.056,176.522,0.621,-2.613,-75.77,-2.773,-97.068,0.226,38
-609.336,-2.264,-54.434,-2.726,-49.887,-2.499,1035.779,1996.612,960.833,17.0,-1.606,-1329.917,190.853,-334.882,2.408,30.969,153.102,731.303,0.331,-50.798,-61.926,-26.226,-63.516,14.0,-34.501,269.0,62.0,31.987,-57.222,0.684,-2.745,1.878,33.561,174.826,0.653,-2.801,-78.437,-2.698,-91.738,0.369,38
-597.944,-2.223,-59.597,-2.968,-53.91,-2.685,1010.23,2007.686,997.457,20.0,-2.059,-1305.22,185.005,-336.972,2.323,30.386,146.149,729.279,0.333,-49.882,-65.15,-27.284,-64.698,14.0,-34.15,269.0,66.0,32.956,-56.03,0.653,-2.672,2.364,40.286,174.518,0.636,-2.589,-77.68,-2.741,-98.685,0.235,38
-602.451,-2.24,-58.495,-2.884,-52.287,-2.578,1044.4,2028.514,984.113,18.0,-1.974,-1311.857,184.676,-332.986,2.315,30.545,149.403,728.176,0.335,-49.689,-61.796,-27.589,-64.474,14.0,-33.954,269.0,65.0,32.218,-57.813,0.676,-2.683,2.309,37.962,171.723,0.636,-2.594,-77.814,-2.76,-96.59,0.355,38
-601.845,-2.238,-55.007,-2.787,-51.812,-2.625,936.535,1973.668,1037.133,17.0,-1.068,-1309.591,185.404,-337.302,2.369,30.709,151.041,724.531,0.346,-50.015,-65.883,-26.903,-62.736,14.0,-34.197,269.0,63.0,29.975,-57.855,0.689,-2.715,2.086,36.837,180.467,0.627,-2.84,-79.527,-2.615,-91.527,0.286,38
-607.504,-2.258,-54.883,-2.812,-51.586,-2.643,1036.905,1951.99,915.084,18.0,-1.275,-1324.333,189.597,-338.302,2.386,30.713,151.803,730.899,0.3,-50.847,-63.652,-22.231,-63.261,12.0,-36.604,269.0,64.0,31.689,-57.059,0.648,-2.684,2.081,32.509,178.125,0.614,-2.647,-74.104,-2.713,-97.677,0.259,38
-608.775,-2.263,-52.747,-2.681,-49.041,-2.493,1001.932,1967.436,965.504,19.0,-1.838,-1317.052,185.012,-331.824,2.391,31.024,144.05,724.912,0.324,-47.315,-65.498,-26.651,-63.021,12.0,-34.602,269.0,61.0,33.544,-55.995,0.677,-2.778,1.71,34.311,177.794,0.626,-2.794,-78.238,-2.763,-91.194,0.272,15
-606.578,-2.255,-54.03,-2.734,-49.382,-2.499,1048.713,1976.376,927.663,15.0,-1.724,-1316.945,188.217,-331.578,2.395,30.824,144.443,723.889,0.326,-47.361,-66.42,-26.544,-62.309,12.0,-35.453,269.0,61.0,32.327,-56.043,0.635,-2.774,1.768,34.666,179.112,0.608,-2.73,-76.45,-2.811,-92.762,0.157,15
-605.359,-2.25,-55.259,-2.813,-51.864,-2.64,1036.342,1964.164,927.823,14.0,-1.756,-1318.414,183.635,-337.911,2.377,30.857,147.831,732.975,0.321,-50.614,-66.618,-26.298,-62.928,13.0,-33.474,269.0,60.0,34.669,-54.672,0.626,-2.76,1.682,36.11,176.816,0.639,-2.759,-77.263,-2.76,-88.329,0.373,15
-591.806,-2.2,-43.235,-2.402,-39.705,-2.206,844.048,1799.818,955.771,11.0,-1.489,-1294.71,186.807,-322.714,2.343,30.356,151.417,706.748,0.333,-47.968,-64.2,-22.239,-62.049,9.0,-37.592,269.0,58.0,31.949,-61.178,0.649,-2.614,2.012,38.904,171.289,0.59,-2.683,-75.118,-2.55,-76.503,0.507,15
-608.334,-2.262,-47.538,-2.562,-42.278,-2.279,872.222,1855.386,983.163,13.0,-1.529,-1304.284,189.397,-339.496,2.361,30.932,150.526,721.067,0.341,-48.523,-69.41,-24.41,-63.931,11.0,-36.277,269.0,59.0,34.488,-60.229,0.652,-2.781,1.814,36.965,171.652,0.582,-2.753,-77.087,-2.806,-86.991,0.554,15
-602.749,-2.241,-52.529,-2.687,-48.063,-2.459,1029.9,1954.752,924.852,17.0,-1.561,-1315.049,185.792,-330.427,2.343,30.841,147.469,729.001,0.324,-47.328,-66.598,-28.257,-62.583,12.0,-34.393,269.0,60.0,33.222,-55.747,0.7,-2.757,1.786,34.201,174.376,0.609,-2.716,-78.762,-2.795,-86.641,0.165,15
-603.595,-2.244,-48.058,-2.612,-42.937,-2.333,835.2,1840.17,1004.97,15.0,-1.648,-1307.254,191.691,-337.954,2.369,30.945,153.231,721.355,0.35,-48.347,-67.308,-25.728,-63.799,12.0,-36.064,269.0,60.0,35.815,-60.921,0.638,-2.752,2.156,36.982,170.299,0.596,-2.757,-77.195,-2.748,-87.941,0.586,15
-604.779,-2.248,-54.152,-2.757,-50.282,-2.56,1020.169,1964.12,943.951,19.0,-1.939,-1322.162,184.747,-333.184,2.393,31.218,146.481,729.404,0.317,-47.327,-66.112,-25.375,-62.989,13.0,-34.571,269.0,61.0,34.078,-55.082,0.669,-2.701,1.87,35.893,177.621,0.649,-2.725,-79.016,-2.68,-85.772,0.256,15
-608.378,-2.262,-53.809,-2.76,-50.273,-2.579,979.733,1949.333,969.6,20.0,-1.874,-1318.44,186.161,-335.497,2.367,31.207,146.587,728.85,0.335,-47.979,-65.305,-27.015,-63.58,13.0,-34.41,269.0,61.0,32.648,-55.254,0.707,-2.698,1.933,35.641,175.028,0.634,-2.748,-79.679,-2.654,-84.913,0.555,15
-603.675,-2.243,-53.218,-2.697,-49.681,-2.518,1053.3,1973.307,920.007,11.0,-1.732,-1317.709,186.597,-332.594,2.403,31.251,145.312,725.186,0.318,-47.578,-66.374,-24.62,-62.3,13.0,-34.724,269.0,61.0,33.277,-55.684,0.696,-2.749,1.936,35.378,178.131,0.627,-2.737,-76.64,-2.759,-91.051,0.169,15
-601.535,-2.236,-55.32,-2.727,-52.193,-2.572,1067.781,2028.964,961.182,13.0,-1.647,-1317.367,187.08,-333.207,2.392,30.833,149.691,725.691,0.318,-48.49,-65.947,-23.473,-63.256,13.0,-36.569,269.0,60.0,35.949,-56.084,0.672,-2.76,1.868,32.443,177.885,0.642,-2.71,-75.871,-2.804,-89.722,0.674,36
-609.336,-2.264,-54.434,-2.726,-49.887,-2.499,1035.779,1996.612,960.833,17.0,-1.606,-1329.917,190.853,-334.882,2.408,30.969,153.102,731.303,0.331,-50.798,-61.926,-26.226,-63.516,14.0,-34.501,269.0,62.0,31.987,-57.222,0.684,-2.745,1.878,33.561,174.826,0.653,-2.801,-78.437,-2.698,-91.738,0.369,36
-602.847,-2.241,-55.743,-2.785,-51.762,-2.586,1069.124,2001.825,932.7,18.0,-1.85,-1316.355,184.084,-332.604,2.374,31.143,147.655,728.716,0.324,-48.293,-65.587,-23.726,-63.72,13.0,-36.097,269.0,59.0,34.567,-56.236,0.709,-2.833,1.824,33.072,177.537,0.641,-2.712,-75.925,-2.943,-91.229,0.65,36
-599.83,-2.23,-56.04,-2.779,-51.491,-2.553,986.972,2016.643,1029.67,15.0,-1.181,-1318.192,185.016,-339.835,2.341,30.885,153.15,735.083,0.335,-49.954,-63.588,-26.692,-62.665,14.0,-34.969,269.0,63.0,30.457,-58.12,0.677,-2.691,1.989,37.313,178.852,0.648,-2.816,-78.835,-2.592,-90.707,0.279,36
-609.767,-2.267,-55.7,-2.842,-52.511,-2.679,1023.086,1960.124,937.038,16.0,-1.261,-1324.128,191.396,-336.528,2.405,30.834,150.321,729.946,0.296,-49.08,-63.823,-21.787,-63.242,12.0,-37.77,269.0,65.0,31.01,-57.812,0.727,-2.741,2.0,33.114,174.248,0.62,-2.712,-75.939,-2.763,-102.226,0.389,36
-602.956,-2.241,-55.774,-2.785,-50.233,-2.508,1024.776,2002.809,978.033,14.0,-1.458,-1324.596,191.417,-334.785,2.381,30.905,151.598,729.776,0.339,-50.65,-61.996,-26.25,-63.195,14.0,-33.772,269.0,62.0,31.251,-57.325,0.703,-2.68,1.962,34.007,177.499,0.64,-2.748,-76.947,-2.624,-89.222,0.277,36
-596.314,-2.217,-59.617,-2.908,-54.596,-2.663,1005.103,2050.103,1045.001,18.0,-1.912,-1304.431,184.726,-336.03,2.332,30.292,151.042,725.52,0.326,-48.696,-65.575,-29.098,-64.488,14.0,-34.89,269.0,66.0,32.144,-57.813,0.665,-2.69,2.593,42.577,175.144,0.64,-2.64,-79.197,-2.731,-98.311,0.248,36
-603.639,-2.244,-56.186,-2.793,-51.76,-2.573,1083.822,2011.321,927.499,18.0,-1.838,-1315.801,186.307,-333.541,2.384,31.246,146.739,729.604,0.323,-48.254,-66.169,-23.603,-63.669,13.0,-35.869,269.0,60.0,33.774,-55.987,0.72,-2.822,1.814,32.641,175.923,0.635,-2.713,-75.967,-2.918,-93.378,0.657,36
-597.944,-2.223,-59.597,-2.968,-53.91,-2.685,1010.23,2007.686,997.457,20.0,-2.059,-1305.22,185.005,-336.972,2.323,30.386,146.149,729.279,0.333,-49.882,-65.15,-27.284,-64.698,14.0,-34.15,269.0,66.0,32.956,-56.03,0.653,-2.672,2.364,40.286,174.518,0.636,-2.589,-77.68,-2.741,-98.685,0.235,36
-614.263,-2.284,-55.719,-2.819,-52.503,-2.657,1035.432,1976.4,940.968,15.0,-1.667,-1326.832,190.201,-338.994,2.421,30.982,149.016,730.125,0.32,-50.557,-65.649,-28.102,-63.563,13.0,-34.706,269.0,60.0,32.508,-55.248,0.746,-2.881,1.856,35.431,178.131,0.642,-2.817,-78.88,-2.937,-93.975,0.384,36
-589.877,-2.194,-47.231,-2.449,-42.982,-2.229,932.396,1928.448,996.052,12.0,-1.857,-1292.28,189.697,-338.929,2.251,31.615,139.702,737.271,0.324,-47.641,-66.102,-26.691,-61.504,10.0,-35.399,269.0,62.0,29.386,-56.49,0.701,-2.658,1.772,35.802,169.3,0.585,-2.637,-76.483,-2.675,-88.284,0.218,5
-587.155,-2.183,-46.258,-2.367,-42.46,-2.173,948.397,1953.973,1005.576,16.0,-1.767,-1301.723,190.678,-334.534,2.324,31.716,145.49,729.605,0.285,-50.234,-67.064,-28.776,-61.092,11.0,-33.531,269.0,63.0,35.117,-57.741,0.706,-2.682,1.369,36.272,176.53,0.587,-2.588,-75.052,-2.761,-93.883,0.206,5
-596.488,-2.217,-43.901,-2.482,-40.989,-2.317,856.993,1768.788,911.796,19.0,-1.844,-1311.735,190.599,-333.509,2.356,31.012,147.626,728.278,0.322,-50.025,-65.974,-24.555,-63.273,10.0,-35.394,269.0,58.0,37.063,-56.866,0.682,-2.714,1.59,34.684,172.75,0.602,-2.63,-73.628,-2.793,-83.799,0.731,5
-599.006,-2.227,-47.607,-2.528,-42.738,-2.27,898.503,1882.88,984.377,15.0,-1.693,-1306.757,191.016,-339.906,2.299,31.74,143.569,734.472,0.338,-48.143,-66.1,-26.65,-61.54,11.0,-35.487,269.0,63.0,31.674,-56.643,0.64,-2.699,1.606,35.949,170.808,0.583,-2.625,-76.125,-2.762,-93.895,0.78,5
-596.51,-2.216,-50.623,-2.645,-47.256,-2.469,967.134,1913.907,946.773,18.0,-1.899,-1306.01,184.688,-335.983,2.352,31.314,142.871,728.555,0.309,-48.429,-67.549,-27.489,-62.333,11.0,-33.256,269.0,60.0,33.997,-55.735,0.63,-2.72,1.66,38.558,177.985,0.598,-2.773,-77.651,-2.674,-85.571,0.193,5
-599.538,-2.228,-49.724,-2.563,-46.683,-2.407,994.338,1939.825,945.487,16.0,-1.91,-1314.272,188.752,-335.979,2.351,31.656,144.175,731.587,0.3,-45.782,-67.003,-28.721,-62.371,11.0,-34.081,269.0,60.0,33.451,-55.436,0.628,-2.733,1.638,36.988,175.223,0.6,-2.735,-76.568,-2.732,-87.433,0.196,5
-581.74,-2.163,-44.267,-2.398,-39.524,-2.141,914.005,1846.364,932.359,16.0,-1.761,-1303.612,190.325,-336.293,2.339,30.448,146.259,725.081,0.291,-47.638,-66.215,-22.362,-62.707,11.0,-35.133,269.0,57.0,37.377,-56.718,0.641,-2.705,1.725,37.272,179.207,0.611,-2.403,-64.876,-2.978,-89.334,0.663,5
-589.375,-2.191,-46.968,-2.481,-43.936,-2.321,974.801,1892.766,917.966,16.0,-1.956,-1297.478,192.181,-335.869,2.34,31.848,145.741,723.613,0.32,-48.617,-67.337,-28.522,-60.712,11.0,-34.066,269.0,60.0,35.584,-57.772,0.612,-2.788,1.487,34.84,175.088,0.542,-2.741,-74.014,-2.827,-93.284,0.232,5
-593.263,-2.205,-48.866,-2.427,-46.009,-2.285,1070.397,2013.577,943.18,16.0,-1.466,-1303.381,191.418,-336.367,2.354,31.708,145.143,727.985,0.292,-48.818,-68.496,-27.463,-61.633,10.0,-33.971,269.0,64.0,34.143,-57.426,0.682,-2.758,1.626,36.98,174.195,0.56,-2.6,-75.406,-2.889,-101.128,0.206,5
-592.339,-2.202,-44.857,-2.355,-40.673,-2.135,906.311,1904.811,998.5,17.0,-1.936,-1300.349,188.324,-340.555,2.32,30.636,143.744,730.921,0.305,-51.684,-68.003,-27.987,-61.63,12.0,-33.358,269.0,62.0,36.763,-57.595,0.672,-2.712,1.348,37.918,178.067,0.598,-2.533,-73.465,-2.868,-94.66,0.715,5
-607.845,-2.26,-55.309,-2.804,-52.42,-2.657,1019.259,1972.749,953.49,17.0,-1.634,-1320.729,186.043,-337.679,2.395,30.98,147.592,733.591,0.336,-50.665,-65.32,-27.283,-63.741,14.0,-33.577,269.0,62.0,33.765,-56.268,0.695,-2.753,1.768,35.086,177.621,0.645,-2.752,-79.816,-2.753,-90.844,0.211,23
-612.445,-2.277,-56.619,-2.832,-52.82,-2.642,1014.478,1999.424,984.946,16.0,-1.791,-1329.729,190.941,-339.902,2.396,31.02,147.699,734.605,0.343,-51.269,-65.582,-26.746,-63.978,14.0,-34.635,269.0,62.0,33.876,-55.486,0.69,-2.765,1.89,35.666,178.131,0.648,-2.77,-77.547,-2.762,-93.903,0.449,23
-606.576,-2.255,-56.304,-2.83,-52.253,-2.627,1008.959,1989.206,980.247,17.0,-1.674,-1323.133,189.426,-341.193,2.362,30.503,151.789,736.183,0.347,-49.839,-64.592,-28.85,-64.025,14.0,-36.085,269.0,63.0,32.794,-56.921,0.691,-2.786,1.936,36.906,177.259,0.649,-2.827,-79.153,-2.754,-96.377,0.577,23
-609.736,-2.267,-47.588,-2.576,-42.35,-2.292,876.415,1847.647,971.233,15.0,-1.589,-1306.202,189.371,-339.576,2.378,30.816,150.726,720.733,0.339,-46.945,-69.362,-25.237,-64.099,11.0,-36.129,269.0,59.0,33.791,-60.832,0.673,-2.782,1.742,36.258,173.899,0.583,-2.754,-77.099,-2.808,-87.039,0.52,23
-604.509,-2.247,-47.812,-2.601,-42.549,-2.315,862.37,1838.332,975.962,17.0,-1.677,-1306.564,191.665,-337.43,2.376,30.928,151.665,720.574,0.331,-47.18,-67.258,-25.464,-63.612,10.0,-36.128,269.0,60.0,35.222,-61.069,0.593,-2.76,2.112,36.831,169.96,0.586,-2.755,-77.136,-2.764,-88.447,0.54,23
-608.332,-2.261,-46.809,-2.566,-41.932,-2.299,877.604,1824.238,946.633,11.0,-1.611,-1306.048,189.552,-339.083,2.359,30.892,151.174,723.058,0.355,-48.849,-69.517,-24.688,-63.826,12.0,-36.367,269.0,58.0,32.821,-60.647,0.624,-2.798,1.759,37.147,173.016,0.579,-2.746,-76.882,-2.847,-85.398,0.525,23
-606.012,-2.253,-53.562,-2.756,-49.517,-2.547,1017.233,1943.806,926.573,18.0,-1.895,-1320.178,184.406,-331.671,2.403,31.129,145.118,726.518,0.317,-47.102,-65.914,-26.93,-62.979,12.0,-34.898,269.0,60.0,34.269,-54.708,0.647,-2.757,1.739,35.632,178.773,0.622,-2.703,-78.399,-2.808,-87.036,0.276,23
-610.934,-2.271,-45.372,-2.462,-43.005,-2.334,876.438,1842.672,966.234,15.0,-1.604,-1302.553,189.67,-338.562,2.389,31.75,149.375,719.547,0.273,-48.317,-69.174,-23.431,-63.257,9.0,-37.211,269.0,59.0,32.542,-60.957,0.683,-2.8,1.989,35.785,170.491,0.566,-2.725,-76.31,-2.867,-88.878,0.594,23
-600.019,-2.231,-46.855,-2.596,-41.852,-2.319,831.776,1804.735,972.958,16.0,-1.676,-1303.073,191.275,-337.449,2.351,30.722,151.683,718.825,0.347,-47.238,-67.511,-25.775,-63.51,11.0,-34.773,269.0,59.0,34.146,-60.888,0.693,-2.79,2.161,37.403,172.632,0.582,-2.747,-76.916,-2.829,-87.713,0.676,23
-610.436,-2.269,-55.879,-2.812,-52.408,-2.637,1026.38,1987.337,960.957,17.0,-1.784,-1321.857,187.725,-335.59,2.341,30.86,147.492,731.374,0.332,-50.77,-66.117,-28.289,-63.444,13.0,-34.027,269.0,62.0,34.503,-55.659,0.665,-2.793,1.78,34.618,176.18,0.636,-2.806,-78.572,-2.783,-94.606,0.229,23
-610.813,-2.271,-55.25,-2.806,-51.415,-2.611,1015.218,1969.144,953.926,16.0,-1.648,-1317.952,184.848,-337.697,2.299,31.128,147.04,731.753,0.356,-50.85,-64.941,-26.839,-63.486,14.0,-33.851,269.0,62.0,32.137,-56.721,0.659,-2.748,1.972,33.223,178.526,0.622,-2.822,-79.012,-2.687,-91.352,0.248,17
-600.21,-2.231,-48.83,-2.598,-43.207,-2.299,898.748,1879.419,980.671,14.0,-1.963,-1304.299,189.507,-340.864,2.311,29.719,155.249,723.881,0.35,-50.246,-67.165,-25.708,-63.067,12.0,-35.506,269.0,59.0,34.118,-60.555,0.7,-2.763,2.373,38.347,172.897,0.604,-2.73,-76.43,-2.794,-86.61,0.759,17
-593.754,-2.207,-45.793,-2.591,-42.392,-2.398,829.22,1767.44,938.22,10.0,-1.753,-1290.801,183.57,-325.667,2.357,29.869,151.235,707.065,0.36,-47.872,-64.365,-23.798,-62.381,11.0,-36.29,269.0,57.0,31.26,-61.303,0.65,-2.677,1.973,38.728,173.781,0.588,-2.759,-77.255,-2.599,-75.361,0.638,17
-603.675,-2.243,-53.218,-2.697,-49.681,-2.518,1053.3,1973.307,920.007,11.0,-1.732,-1317.709,186.597,-332.594,2.403,31.251,145.312,725.186,0.318,-47.578,-66.374,-24.62,-62.3,13.0,-34.724,269.0,61.0,33.277,-55.684,0.696,-2.749,1.936,35.378,178.131,0.627,-2.737,-76.64,-2.759,-91.051,0.169,17
-602.306,-2.239,-48.01,-2.602,-42.755,-2.317,855.628,1845.277,989.649,15.0,-1.659,-1306.986,190.018,-337.203,2.361,30.204,153.502,719.07,0.348,-48.178,-67.467,-25.592,-63.8,12.0,-36.057,269.0,60.0,35.568,-60.318,0.726,-2.723,2.141,37.748,173.769,0.594,-2.755,-77.128,-2.695,-86.244,0.573,17
-606.413,-2.254,-51.566,-2.622,-48.021,-2.442,1036.404,1966.655,930.251,18.0,-1.896,-1316.861,184.912,-331.596,2.387,31.163,145.887,725.127,0.32,-47.687,-66.186,-26.652,-62.652,12.0,-33.933,269.0,60.0,33.269,-56.23,0.649,-2.708,1.893,34.414,177.794,0.622,-2.734,-76.539,-2.685,-85.935,0.434,17
-608.775,-2.263,-52.747,-2.681,-49.041,-2.493,1001.932,1967.436,965.504,19.0,-1.838,-1317.052,185.012,-331.824,2.391,31.024,144.05,724.912,0.324,-47.315,-65.498,-26.651,-63.021,12.0,-34.602,269.0,61.0,33.544,-55.995,0.677,-2.778,1.71,34.311,177.794,0.626,-2.794,-78.238,-2.763,-91.194,0.272,17
-606.165,-2.253,-53.84,-2.733,-49.891,-2.533,1044.12,1969.634,925.514,20.0,-1.881,-1317.136,184.294,-333.165,2.383,31.147,145.605,727.911,0.316,-47.491,-66.345,-27.004,-62.631,12.0,-34.324,269.0,61.0,32.808,-54.605,0.652,-2.703,1.861,35.801,176.18,0.63,-2.717,-78.806,-2.69,-86.089,0.426,17
-603.595,-2.244,-48.058,-2.612,-42.937,-2.333,835.2,1840.17,1004.97,15.0,-1.648,-1307.254,191.691,-337.954,2.369,30.945,153.231,721.355,0.35,-48.347,-67.308,-25.728,-63.799,12.0,-36.064,269.0,60.0,35.815,-60.921,0.638,-2.752,2.156,36.982,170.299,0.596,-2.757,-77.195,-2.748,-87.941,0.586,17
-604.779,-2.248,-54.152,-2.757,-50.282,-2.56,1020.169,1964.12,943.951,19.0,-1.939,-1322.162,184.747,-333.184,2.393,31.218,146.481,729.404,0.317,-47.327,-66.112,-25.375,-62.989,13.0,-34.571,269.0,61.0,34.078,-55.082,0.669,-2.701,1.87,35.893,177.621,0.649,-2.725,-79.016,-2.68,-85.772,0.256,17
-596.734,-2.218,-49.113,-2.479,-45.051,-2.274,1056.099,1980.798,924.699,14.0,-1.736,-1309.771,191.783,-337.993,2.363,31.509,147.86,728.762,0.302,-49.3,-66.088,-25.312,-62.401,10.0,-33.916,269.0,64.0,36.573,-59.397,0.69,-2.758,1.73,33.415,174.821,0.557,-2.606,-75.57,-2.883,-100.915,0.367,6
-581.74,-2.163,-44.267,-2.398,-39.524,-2.141,914.005,1846.364,932.359,16.0,-1.761,-1303.612,190.325,-336.293,2.339,30.448,146.259,725.081,0.291,-47.638,-66.215,-22.362,-62.707,11.0,-35.133,269.0,57.0,37.377,-56.718,0.641,-2.705,1.725,37.272,179.207,0.611,-2.403,-64.876,-2.978,-89.334,0.663,6
-591.822,-2.198,-46.897,-2.382,-40.079,-2.036,953.532,1968.54,1015.007,16.0,-1.78,-1305.857,192.404,-338.146,2.34,31.211,144.704,733.989,0.318,-50.359,-66.958,-27.97,-61.382,11.0,-36.054,269.0,62.0,34.747,-57.531,0.586,-2.732,1.382,35.651,177.174,0.585,-2.675,-74.893,-2.78,-94.512,0.614,6
-596.51,-2.216,-50.623,-2.645,-47.256,-2.469,967.134,1913.907,946.773,18.0,-1.899,-1306.01,184.688,-335.983,2.352,31.314,142.871,728.555,0.309,-48.429,-67.549,-27.489,-62.333,11.0,-33.256,269.0,60.0,33.997,-55.735,0.63,-2.72,1.66,38.558,177.985,0.598,-2.773,-77.651,-2.674,-85.571,0.193,6
-601.013,-2.233,-51.095,-2.595,-47.106,-2.392,996.565,1969.168,972.603,15.0,-1.744,-1317.018,187.046,-338.606,2.394,31.307,146.205,729.992,0.315,-46.967,-66.572,-26.157,-62.656,12.0,-33.619,269.0,60.0,33.692,-54.464,0.642,-2.772,1.77,37.708,176.469,0.628,-2.799,-81.177,-2.746,-85.121,0.208,6
-597.851,-2.222,-43.893,-2.517,-40.816,-2.34,772.856,1744.179,971.323,14.0,-1.653,-1305.721,191.884,-332.935,2.406,30.883,148.994,719.1,0.335,-49.311,-67.221,-22.824,-63.035,10.0,-35.395,269.0,57.0,35.627,-57.83,0.678,-2.689,1.552,33.819,172.922,0.606,-2.713,-75.972,-2.665,-77.285,0.886,6
-596.488,-2.217,-43.901,-2.482,-40.989,-2.317,856.993,1768.788,911.796,19.0,-1.844,-1311.735,190.599,-333.509,2.356,31.012,147.626,728.278,0.322,-50.025,-65.974,-24.555,-63.273,10.0,-35.394,269.0,58.0,37.063,-56.866,0.682,-2.714,1.59,34.684,172.75,0.602,-2.63,-73.628,-2.793,-83.799,0.731,6
-589.877,-2.194,-47.231,-2.449,-42.982,-2.229,932.396,1928.448,996.052,12.0,-1.857,-1292.28,189.697,-338.929,2.251,31.615,139.702,737.271,0.324,-47.641,-66.102,-26.691,-61.504,10.0,-35.399,269.0,62.0,29.386,-56.49,0.701,-2.658,1.772,35.802,169.3,0.585,-2.637,-76.483,-2.675,-88.284,0.218,6
-592.416,-2.202,-47.275,-2.481,-42.618,-2.236,943.006,1905.843,962.836,10.0,-1.957,-1290.21,189.485,-340.045,2.25,31.549,140.289,730.215,0.345,-47.723,-65.994,-26.935,-61.022,10.0,-35.476,269.0,63.0,29.327,-55.889,0.662,-2.709,1.904,36.556,170.915,0.567,-2.634,-76.396,-2.773,-94.27,0.345,6
-589.375,-2.191,-46.968,-2.481,-43.936,-2.321,974.801,1892.766,917.966,16.0,-1.956,-1297.478,192.181,-335.869,2.34,31.848,145.741,723.613,0.32,-48.617,-67.337,-28.522,-60.712,11.0,-34.066,269.0,60.0,35.584,-57.772,0.612,-2.788,1.487,34.84,175.088,0.542,-2.741,-74.014,-2.827,-93.284,0.232,6
-588.233,-2.187,-44.49,-2.358,-39.565,-2.097,949.586,1886.569,936.983,18.0,-1.86,-1306.594,192.219,-340.503,2.335,31.073,145.683,729.499,0.29,-47.734,-65.855,-24.109,-62.233,11.0,-34.955,269.0,59.0,36.628,-57.061,0.747,-2.666,1.58,36.244,176.636,0.596,-2.388,-64.468,-2.901,-92.826,0.776,0
-595.812,-2.215,-45.918,-2.327,-42.486,-2.153,932.298,1973.376,1041.079,17.0,-1.796,-1305.493,189.175,-343.021,2.357,31.354,143.388,733.934,0.312,-47.201,-68.362,-25.428,-63.086,13.0,-35.071,269.0,65.0,34.491,-56.662,0.702,-2.683,2.006,40.024,173.243,0.591,-2.429,-72.867,-2.9,-101.516,0.337,0
-595.006,-2.21,-46.188,-2.375,-42.123,-2.166,954.623,1945.016,990.392,15.0,-1.807,-1301.929,188.153,-337.475,2.356,30.924,143.481,724.28,0.285,-46.41,-66.145,-27.131,-62.038,12.0,-35.464,269.0,63.0,34.611,-56.185,0.683,-2.683,1.675,38.049,175.31,0.596,-2.552,-74.022,-2.794,-94.985,0.738,0
-595.76,-2.215,-40.168,-2.185,-37.025,-2.014,919.056,1838.063,919.008,18.0,-1.763,-1302.673,190.764,-339.564,2.297,31.205,143.3,727.771,0.274,-48.997,-66.41,-24.379,-61.335,8.0,-34.903,269.0,61.0,33.843,-57.393,0.701,-2.731,1.516,35.895,174.857,0.602,-2.519,-70.542,-2.911,-96.056,0.21,0
-588.459,-2.188,-44.284,-2.317,-39.178,-2.05,913.397,1911.539,998.142,18.0,-2.252,-1305.021,191.852,-339.495,2.323,31.242,143.128,732.379,0.341,-47.473,-66.057,-26.354,-61.421,12.0,-33.913,269.0,62.0,36.352,-57.254,0.686,-2.664,2.014,36.483,174.685,0.591,-2.4,-69.588,-2.896,-95.579,0.323,0
-596.696,-2.218,-46.27,-2.369,-42.704,-2.186,976.93,1953.468,976.539,19.0,-2.271,-1313.094,192.528,-349.464,2.362,31.988,144.87,741.833,0.304,-50.245,-67.266,-28.47,-62.227,13.0,-32.711,269.0,64.0,37.813,-57.159,0.702,-2.767,1.665,38.596,173.879,0.585,-2.452,-73.564,-3.045,-103.541,0.678,0
-585.615,-2.177,-45.734,-2.549,-41.023,-2.286,870.765,1794.342,923.577,16.0,-1.795,-1306.666,190.19,-333.988,2.322,31.345,147.549,731.802,0.353,-47.126,-66.725,-25.02,-62.949,12.0,-35.353,269.0,58.0,37.6,-57.939,0.652,-2.68,1.701,34.691,174.106,0.605,-2.496,-69.884,-2.851,-85.54,0.641,0
-588.826,-2.189,-44.597,-2.288,-41.623,-2.136,994.421,1948.93,954.51,18.0,-2.337,-1304.04,193.967,-342.615,2.334,31.812,145.567,731.358,0.293,-50.396,-66.657,-29.333,-60.937,11.0,-33.312,269.0,64.0,37.214,-56.97,0.683,-2.607,1.431,37.697,175.724,0.566,-2.252,-65.298,-2.901,-101.538,0.667,0
-591.346,-2.198,-44.455,-2.295,-41.556,-2.146,961.704,1936.64,974.935,19.0,-1.87,-1308.308,189.402,-340.898,2.35,31.588,145.411,731.776,0.292,-48.663,-67.94,-25.588,-62.252,12.0,-34.436,269.0,61.0,38.074,-56.718,0.652,-2.779,1.722,38.137,176.176,0.594,-2.548,-71.334,-2.975,-98.162,0.69,0
-595.812,-2.215,-45.918,-2.327,-42.486,-2.153,932.298,1973.376,1041.079,17.0,-1.796,-1305.493,189.175,-343.021,2.357,31.354,143.388,733.934,0.312,-47.201,-68.362,-25.428,-63.086,13.0,-35.071,269.0,65.0,34.491,-56.662,0.686,-2.683,2.006,40.024,173.243,0.591,-2.429,-72.867,-2.9,-101.516,0.337,0
-594.883,-2.212,-45.422,-2.417,-39.761,-2.116,862.172,1879.027,1016.855,18.0,-1.683,-1307.725,188.263,-339.052,2.347,30.519,145.24,733.497,0.387,-51.392,-67.274,-27.01,-62.877,11.0,-33.037,269.0,59.0,36.107,-57.558,0.654,-2.706,1.584,35.979,178.326,0.59,-2.68,-75.039,-2.729,-84.611,0.862,8
-593.85,-2.208,-43.997,-2.527,-40.571,-2.33,831.036,1741.249,910.213,14.0,-1.541,-1300.543,187.481,-328.684,2.336,30.353,153.624,713.623,0.333,-46.433,-65.177,-24.756,-63.104,10.0,-36.526,269.0,58.0,34.205,-60.872,0.677,-2.655,2.205,36.717,172.73,0.601,-2.691,-75.345,-2.622,-78.665,0.513,8
-590.165,-2.194,-48.24,-2.502,-43.206,-2.241,939.795,1928.349,988.554,15.0,-2.016,-1295.29,191.231,-338.384,2.26,31.559,138.046,740.164,0.336,-47.78,-65.506,-26.401,-61.781,10.0,-35.685,269.0,64.0,29.047,-56.276,0.646,-2.672,1.935,35.875,168.495,0.608,-2.68,-77.707,-2.665,-93.277,0.343,8
-604.826,-2.247,-48.068,-2.52,-44.937,-2.356,947.924,1907.588,959.664,16.0,-1.629,-1319.226,182.929,-335.307,2.371,31.812,150.274,731.62,0.272,-47.697,-63.042,-24.401,-63.869,10.0,-34.784,269.0,61.0,32.656,-56.993,0.636,-2.727,1.967,34.489,173.674,0.605,-2.767,-80.252,-2.69,-86.076,0.329,8
-594.939,-2.212,-49.621,-2.59,-47.191,-2.463,914.902,1916.119,1001.217,20.0,-1.924,-1307.85,184.269,-333.916,2.368,31.249,143.763,727.468,0.306,-48.498,-66.552,-28.77,-62.215,11.0,-32.815,269.0,60.0,34.47,-55.436,0.66,-2.756,1.649,38.483,179.137,0.596,-2.741,-79.485,-2.771,-85.898,0.181,8
-593.241,-2.205,-43.773,-2.484,-40.019,-2.271,816.38,1762.209,945.829,13.0,-1.713,-1302.819,188.945,-327.977,2.338,30.527,153.062,711.412,0.332,-46.339,-65.4,-24.434,-63.222,9.0,-36.122,269.0,58.0,34.594,-60.29,0.638,-2.651,2.13,37.782,173.77,0.599,-2.69,-75.333,-2.614,-78.412,0.515,8
-596.51,-2.216,-50.623,-2.645,-47.256,-2.469,967.134,1913.907,946.773,18.0,-1.899,-1306.01,184.688,-335.983,2.352,31.314,142.871,728.555,0.309,-48.429,-67.549,-27.489,-62.333,11.0,-33.256,269.0,60.0,33.997,-55.735,0.63,-2.72,1.66,38.558,177.985,0.598,-2.773,-77.651,-2.674,-85.571,0.193,8
-601.013,-2.233,-51.095,-2.595,-47.106,-2.392,996.565,1969.168,972.603,15.0,-1.744,-1317.018,187.046,-338.606,2.394,31.307,146.205,729.992,0.315,-46.967,-66.572,-26.157,-62.656,12.0,-33.619,269.0,60.0,33.692,-54.464,0.642,-2.772,1.77,37.708,176.469,0.628,-2.799,-81.177,-2.746,-85.121,0.208,8
-605.425,-2.251,-53.45,-2.711,-50.613,-2.567,1017.405,1971.301,953.896,17.0,-1.884,-1319.962,182.562,-333.632,2.386,31.219,146.257,729.564,0.312,-47.371,-66.445,-25.218,-62.676,13.0,-34.684,269.0,61.0,34.282,-55.464,0.658,-2.699,1.856,35.898,177.621,0.646,-2.717,-78.787,-2.683,-85.847,0.265,8
-601.59,-2.237,-44.233,-2.51,-41.093,-2.332,845.131,1762.354,917.223,14.0,-1.641,-1305.303,191.951,-330.604,2.41,30.659,147.221,713.559,0.335,-48.235,-66.488,-22.556,-63.295,10.0,-35.806,269.0,57.0,33.842,-58.271,0.642,-2.659,1.745,34.366,174.413,0.596,-2.725,-76.287,-2.596,-75.282,0.442,8
-606.997,-2.256,-54.449,-2.78,-50.875,-2.598,1025.88,1958.475,932.595,16.0,-1.688,-1318.463,183.161,-334.031,2.382,30.856,147.29,731.931,0.329,-50.965,-65.905,-28.219,-62.901,13.0,-32.868,269.0,62.0,33.518,-55.581,0.678,-2.735,1.801,34.994,177.268,0.635,-2.767,-80.252,-2.706,-89.313,0.423,22
-610.436,-2.269,-55.879,-2.812,-52.408,-2.637,1026.38,1987.337,960.957,17.0,-1.784,-1321.857,187.725,-335.59,2.341,30.86,147.492,731.374,0.332,-50.77,-66.117,-28.289,-63.444,13.0,-34.027,269.0,62.0,34.503,-55.659,0.665,-2.793,1.78,34.618,176.18,0.636,-2.806,-78.572,-2.783,-94.606,0.229,22
-606.829,-2.256,-55.199,-2.799,-51.38,-2.605,1019.761,1972.28,952.519,17.0,-1.615,-1323.508,188.346,-336.242,2.391,30.921,147.991,732.744,0.342,-50.941,-64.984,-26.519,-63.702,14.0,-34.08,269.0,63.0,33.384,-56.028,0.7,-2.745,1.778,34.858,178.127,0.642,-2.752,-79.795,-2.74,-93.145,0.248,22
-609.736,-2.267,-47.588,-2.576,-42.35,-2.292,876.415,1847.647,971.233,15.0,-1.589,-1306.202,189.371,-339.576,2.378,30.816,150.726,720.733,0.339,-46.945,-69.362,-25.237,-64.099,11.0,-36.129,269.0,59.0,33.791,-60.832,0.673,-2.782,1.742,36.258,173.899,0.583,-2.754,-77.099,-2.808,-87.039,0.52,22
-610.934,-2.271,-45.372,-2.462,-43.005,-2.334,876.438,1842.672,966.234,15.0,-1.604,-1302.553,189.67,-338.562,2.389,31.75,149.375,719.547,0.273,-48.317,-69.174,-23.431,-63.257,9.0,-37.211,269.0,59.0,32.542,-60.957,0.683,-2.8,1.989,35.785,170.491,0.566,-2.725,-76.31,-2.867,-88.878,0.594,22
-612.445,-2.277,-56.619,-2.832,-52.82,-2.642,1014.478,1999.424,984.946,16.0,-1.791,-1329.729,190.941,-339.902,2.396,31.02,147.699,734.605,0.343,-51.269,-65.582,-26.746,-63.978,14.0,-34.635,269.0,62.0,33.876,-55.486,0.69,-2.765,1.89,35.666,178.131,0.648,-2.77,-77.547,-2.762,-93.903,0.449,22
-606.012,-2.253,-53.562,-2.756,-49.517,-2.547,1017.233,1943.806,926.573,18.0,-1.895,-1320.178,184.406,-331.671,2.403,31.129,145.118,726.518,0.317,-47.102,-65.914,-26.93,-62.979,12.0,-34.898,269.0,60.0,34.269,-54.708,0.647,-2.757,1.739,35.632,178.773,0.622,-2.703,-78.399,-2.808,-87.036,0.276,22
-604.639,-2.248,-54.129,-2.745,-50.295,-2.551,1038.306,1971.731,933.424,17.0,-1.881,-1320.987,183.015,-334.163,2.36,31.14,146.904,730.748,0.319,-47.6,-66.345,-25.525,-62.677,13.0,-34.636,269.0,60.0,34.0,-54.63,0.673,-2.753,1.923,36.44,176.975,0.644,-2.72,-78.881,-2.784,-86.315,0.301,22
-604.509,-2.247,-47.812,-2.601,-42.549,-2.315,862.37,1838.332,975.962,17.0,-1.677,-1306.564,191.665,-337.43,2.376,30.928,151.665,720.574,0.331,-47.18,-67.258,-25.464,-63.612,10.0,-36.128,269.0,60.0,35.222,-61.069,0.593,-2.76,2.112,36.831,169.96,0.586,-2.755,-77.136,-2.764,-88.447,0.54,22
-606.576,-2.255,-56.304,-2.83,-52.253,-2.627,1008.959,1989.206,980.247,17.0,-1.674,-1323.133,189.426,-341.193,2.362,30.503,151.789,736.183,0.347,-49.839,-64.592,-28.85,-64.025,14.0,-36.085,269.0,63.0,32.794,-56.921,0.691,-2.786,1.936,36.906,177.259,0.649,-2.827,-79.153,-2.754,-96.377,0.577,22
-595.092,-2.211,-51.97,-2.645,-45.788,-2.33,996.924,1965.108,968.184,15.0,-1.875,-1291.629,192.256,-349.043,2.246,31.338,139.888,736.821,0.294,-49.198,-67.843,-25.105,-62.311,10.0,-35.376,269.0,63.0,29.546,-56.075,0.661,-2.741,2.12,36.902,171.965,0.633,-2.606,-75.579,-2.855,-97.085,0.282,9
-604.826,-2.247,-48.068,-2.52,-44.937,-2.356,947.924,1907.588,959.664,16.0,-1.629,-1319.226,182.929,-335.307,2.371,31.812,150.274,731.62,0.272,-47.697,-63.042,-24.401,-63.869,10.0,-34.784,269.0,61.0,32.656,-56.993,0.636,-2.727,1.967,34.489,173.674,0.605,-2.767,-80.252,-2.69,-86.076,0.329,9
-606.869,-2.256,-53.785,-2.782,-50.177,-2.596,946.164,1933.054,986.89,20.0,-1.786,-1317.104,184.317,-335.213,2.403,31.355,147.371,726.468,0.336,-46.569,-65.418,-27.186,-63.366,13.0,-34.606,269.0,61.0,32.822,-55.005,0.639,-2.723,1.886,35.519,176.979,0.627,-2.794,-81.024,-2.66,-85.107,0.264,9
-594.939,-2.212,-49.621,-2.59,-47.191,-2.463,914.902,1916.119,1001.217,20.0,-1.924,-1307.85,184.269,-333.916,2.368,31.249,143.763,727.468,0.306,-48.498,-66.552,-28.77,-62.215,11.0,-32.815,269.0,60.0,34.47,-55.436,0.66,-2.756,1.649,38.483,179.137,0.596,-2.741,-79.485,-2.771,-85.898,0.181,9
-593.241,-2.205,-43.773,-2.484,-40.019,-2.271,816.38,1762.209,945.829,13.0,-1.713,-1302.819,188.945,-327.977,2.338,30.527,153.062,711.412,0.332,-46.339,-65.4,-24.434,-63.222,9.0,-36.122,269.0,58.0,34.594,-60.29,0.638,-2.651,2.13,37.782,173.77,0.599,-2.69,-75.333,-2.614,-78.412,0.515,9
-605.425,-2.251,-53.45,-2.711,-50.613,-2.567,1017.405,1971.301,953.896,17.0,-1.884,-1319.962,182.562,-333.632,2.386,31.219,146.257,729.564,0.312,-47.371,-66.445,-25.218,-62.676,13.0,-34.684,269.0,61.0,34.282,-55.464,0.658,-2.699,1.856,35.898,177.621,0.646,-2.717,-78.787,-2.683,-85.847,0.265,9
-595.589,-2.214,-44.945,-2.539,-39.96,-2.258,832.675,1770.006,937.331,18.0,-1.7,-1306.483,190.602,-328.23,2.354,31.275,153.177,717.709,0.347,-44.011,-66.588,-25.644,-64.404,10.0,-37.224,269.0,59.0,36.415,-60.601,0.671,-2.648,2.267,35.289,169.721,0.581,-2.626,-73.522,-2.669,-82.737,0.488,9
-600.804,-2.233,-44.843,-2.582,-41.456,-2.387,800.921,1736.534,935.614,12.0,-1.509,-1303.317,192.941,-332.845,2.404,30.696,147.905,714.595,0.344,-49.529,-67.105,-22.575,-63.244,11.0,-36.215,269.0,56.0,34.56,-57.554,0.653,-2.626,1.706,34.702,172.972,0.597,-2.718,-76.117,-2.534,-70.948,0.609,9
-593.85,-2.208,-43.997,-2.527,-40.571,-2.33,831.036,1741.249,910.213,14.0,-1.541,-1300.543,187.481,-328.684,2.336,30.353,153.624,713.623,0.333,-46.433,-65.177,-24.756,-63.104,10.0,-36.526,269.0,58.0,34.205,-60.872,0.677,-2.655,2.205,36.717,172.73,0.601,-2.691,-75.345,-2.622,-78.665,0.513,9
-601.105,-2.236,-44.3,-2.301,-39.014,-2.027,883.159,1925.042,1041.884,18.0,-1.616,-1309.227,186.364,-336.356,2.343,30.449,146.001,726.362,0.325,-47.898,-67.688,-25.834,-62.933,9.0,-34.314,269.0,61.0,33.583,-56.927,0.679,-2.862,1.857,35.767,178.665,0.596,-2.689,-77.989,-3.018,-96.582,0.297,9
-601.679,-2.237,-57.531,-2.871,-53.79,-2.684,1031.767,2003.834,972.067,21.0,-1.608,-1310.759,188.018,-337.645,2.364,30.464,151.158,724.094,0.333,-48.315,-65.246,-26.26,-62.599,15.0,-34.888,269.0,67.0,29.089,-58.372,0.594,-2.642,1.897,36.425,180.215,0.646,-2.573,-77.197,-2.698,-99.831,0.29,40
-603.883,-2.245,-58.052,-2.885,-53.14,-2.641,1040.504,2012.143,971.639,15.0,-1.674,-1321.12,187.994,-337.439,2.4,31.054,152.051,727.86,0.332,-49.781,-66.009,-24.076,-63.484,14.0,-35.197,269.0,61.0,36.191,-56.289,0.673,-2.787,1.917,34.264,176.834,0.64,-2.77,-77.554,-2.801,-92.448,0.621,40
-602.159,-2.239,-57.53,-2.831,-53.878,-2.651,1048.033,2032.244,984.211,13.0,-1.668,-1318.383,188.01,-337.994,2.392,30.794,150.759,727.476,0.323,-49.619,-65.972,-23.869,-63.454,14.0,-35.427,269.0,60.0,36.679,-56.525,0.713,-2.774,1.872,34.195,177.885,0.639,-2.731,-76.477,-2.811,-89.96,0.692,40
-613.257,-2.28,-58.346,-2.95,-53.869,-2.724,1035.205,1977.726,942.521,18.0,-1.763,-1318.614,183.008,-337.469,2.367,30.705,149.845,726.588,0.331,-47.798,-65.99,-27.086,-64.141,14.0,-35.277,269.0,63.0,35.195,-55.938,0.669,-2.791,1.774,31.127,179.567,0.646,-2.622,-76.026,-2.936,-99.82,0.642,40
-602.451,-2.24,-58.495,-2.884,-52.287,-2.578,1044.4,2028.514,984.113,18.0,-1.974,-1311.857,184.676,-332.986,2.315,30.545,149.403,728.176,0.335,-49.689,-61.796,-27.589,-64.474,14.0,-33.954,269.0,65.0,32.218,-57.813,0.676,-2.683,2.309,37.962,171.723,0.636,-2.594,-77.814,-2.76,-96.59,0.355,40
-610.73,-2.27,-56.698,-2.817,-51.135,-2.541,1063.182,2012.646,949.464,16.0,-1.546,-1328.828,188.192,-335.208,2.419,30.667,152.365,728.611,0.327,-50.489,-61.933,-23.218,-63.37,14.0,-34.516,269.0,62.0,31.133,-57.192,0.632,-2.783,1.799,32.771,177.318,0.647,-2.85,-76.947,-2.731,-95.591,0.297,40
-608.044,-2.261,-56.974,-2.832,-51.101,-2.54,1069.796,2011.508,941.712,16.0,-1.499,-1321.987,186.533,-335.388,2.396,30.402,150.119,729.573,0.329,-50.309,-62.142,-23.504,-63.561,14.0,-34.57,269.0,62.0,30.723,-57.241,0.657,-2.767,1.956,33.616,176.446,0.651,-2.857,-77.127,-2.698,-94.439,0.394,40
-602.63,-2.24,-56.094,-2.839,-52.632,-2.663,991.373,1976.116,984.743,17.0,-1.15,-1312.383,184.732,-337.114,2.368,30.377,151.512,722.296,0.332,-48.427,-65.115,-27.096,-62.76,14.0,-34.47,269.0,65.0,31.19,-57.776,0.653,-2.631,2.066,36.782,182.081,0.642,-2.662,-77.195,-2.606,-93.816,0.26,40
-609.336,-2.264,-54.434,-2.726,-49.887,-2.499,1035.779,1996.612,960.833,17.0,-1.606,-1329.917,190.853,-334.882,2.408,30.969,153.102,731.303,0.331,-50.798,-61.926,-26.226,-63.516,14.0,-34.501,269.0,62.0,31.987,-57.222,0.684,-2.745,1.878,33.561,174.826,0.653,-2.801,-78.437,-2.698,-91.738,0.369,40
-609.415,-2.265,-56.48,-2.885,-53.181,-2.717,1011.061,1957.469,946.408,14.0,-1.443,-1318.838,188.8,-342.682,2.396,31.363,146.824,736.079,0.32,-50.491,-66.17,-28.305,-63.038,13.0,-33.839,269.0,60.0,31.21,-55.453,0.692,-2.825,1.904,35.659,175.933,0.642,-2.818,-78.893,-2.832,-90.611,0.676,40
-599.006,-2.227,-47.607,-2.528,-42.738,-2.27,898.503,1882.88,984.377,15.0,-1.693,-1306.757,191.016,-339.906,2.299,31.74,143.569,734.472,0.338,-48.143,-66.1,-26.65,-61.54,11.0,-35.487,269.0,63.0,31.674,-56.643,0.64,-2.699,1.606,35.949,170.808,0.583,-2.625,-76.125,-2.762,-93.895,0.78,3
-596.488,-2.217,-43.901,-2.482,-40.989,-2.317,856.993,1768.788,911.796,19.0,-1.844,-1311.735,190.599,-333.509,2.356,31.012,147.626,728.278,0.322,-50.025,-65.974,-24.555,-63.273,10.0,-35.394,269.0,58.0,37.063,-56.866,0.682,-2.714,1.59,34.684,172.75,0.602,-2.63,-73.628,-2.793,-83.799,0.731,3
-584.481,-2.173,-43.903,-2.342,-39.583,-2.112,958.915,1874.51,915.596,15.0,-1.759,-1301.662,190.164,-336.694,2.322,30.493,145.134,726.079,0.284,-47.637,-66.275,-22.709,-62.476,11.0,-35.186,269.0,57.0,36.385,-57.522,0.693,-2.717,1.755,36.418,178.055,0.611,-2.411,-65.085,-2.993,-89.786,0.634,3
-593.866,-2.208,-42.556,-2.256,-39.328,-2.085,930.968,1886.276,955.308,17.0,-1.875,-1298.852,188.824,-344.228,2.325,31.367,143.095,731.502,0.294,-51.392,-67.615,-28.308,-61.033,10.0,-32.487,269.0,61.0,35.86,-57.158,0.652,-2.737,1.337,37.966,176.211,0.56,-2.557,-71.595,-2.89,-95.36,0.594,3
-599.538,-2.228,-49.724,-2.563,-46.683,-2.407,994.338,1939.825,945.487,16.0,-1.91,-1314.272,188.752,-335.979,2.351,31.656,144.175,731.587,0.3,-45.782,-67.003,-28.721,-62.371,11.0,-34.081,269.0,60.0,33.451,-55.436,0.628,-2.733,1.638,36.988,175.223,0.6,-2.735,-76.568,-2.732,-87.433,0.196,3
-587.155,-2.183,-46.258,-2.367,-42.46,-2.173,948.397,1953.973,1005.576,16.0,-1.767,-1301.723,190.678,-334.534,2.324,31.716,145.49,729.605,0.285,-50.234,-67.064,-28.776,-61.092,11.0,-33.531,269.0,63.0,35.117,-57.741,0.706,-2.682,1.369,36.272,176.53,0.587,-2.588,-75.052,-2.761,-93.883,0.206,3
-601.126,-2.235,-50.879,-2.646,-47.351,-2.463,1032.796,1922.599,889.803,16.0,-1.97,-1309.764,185.223,-333.975,2.327,31.353,143.612,728.515,0.309,-47.049,-67.15,-27.721,-62.261,11.0,-33.596,269.0,60.0,33.5,-56.337,0.676,-2.727,1.738,37.224,175.017,0.593,-2.777,-77.753,-2.683,-85.865,0.188,3
-590.469,-2.195,-48.01,-2.519,-44.778,-2.349,994.423,1906.012,911.588,14.0,-1.935,-1301.321,190.401,-337.086,2.347,31.47,144.533,727.113,0.301,-50.127,-67.1,-27.111,-61.387,12.0,-33.658,269.0,64.0,35.09,-57.182,0.651,-2.687,1.533,36.143,177.58,0.523,-2.514,-72.904,-2.831,-99.09,0.227,3
-610.434,-2.269,-43.625,-2.294,-40.472,-2.128,874.041,1901.502,1027.461,17.0,-1.626,-1303.698,183.972,-341.545,2.306,31.109,147.358,723.027,0.319,-49.996,-67.627,-23.649,-62.021,10.0,-36.549,269.0,58.0,35.014,-59.458,0.644,-2.772,1.778,35.693,175.088,0.578,-2.613,-73.175,-2.92,-87.594,0.393,3
-585.615,-2.177,-45.734,-2.549,-41.023,-2.286,870.765,1794.342,923.577,16.0,-1.795,-1306.666,190.19,-333.988,2.322,31.345,147.549,731.802,0.353,-47.126,-66.725,-25.02,-62.949,12.0,-35.353,269.0,58.0,37.6,-57.939,0.652,-2.68,1.701,34.691,174.106,0.605,-2.496,-69.884,-2.851,-85.54,0.641,3
-609.336,-2.264,-54.434,-2.726,-49.887,-2.499,1035.779,1996.612,960.833,17.0,-1.606,-1329.917,190.853,-334.882,2.408,30.969,153.102,731.303,0.331,-50.798,-61.926,-26.226,-63.516,14.0,-34.501,269.0,62.0,31.987,-57.222,0.684,-2.745,1.878,33.561,174.826,0.653,-2.801,-78.437,-2.698,-91.738,0.369,39
-595.805,-2.215,-59.201,-2.919,-54.831,-2.703,1020.771,2028.42,1007.649,21.0,-1.928,-1302.997,184.921,-335.402,2.306,30.201,150.146,723.635,0.323,-48.486,-65.137,-27.16,-64.459,14.0,-34.906,269.0,64.0,31.278,-58.235,0.614,-2.701,2.614,41.056,176.522,0.621,-2.613,-75.77,-2.773,-97.068,0.226,39
-602.08,-2.238,-58.095,-2.955,-51.733,-2.632,918.119,1965.873,1047.753,16.0,-1.943,-1317.449,189.809,-337.968,2.317,30.5,150.116,731.233,0.337,-46.842,-66.151,-26.855,-65.008,15.0,-34.769,269.0,65.0,33.827,-57.978,0.641,-2.651,1.992,38.058,174.656,0.629,-2.569,-77.058,-2.722,-95.284,0.372,39
-613.077,-2.279,-56.65,-2.877,-53.425,-2.713,1015.087,1968.987,953.9,17.0,-1.682,-1320.124,183.036,-339.378,2.354,30.952,147.683,732.666,0.316,-50.131,-66.621,-27.019,-63.268,13.0,-34.513,269.0,60.0,32.897,-55.118,0.668,-2.834,1.824,36.179,176.816,0.645,-2.803,-78.494,-2.861,-91.545,0.369,39
-602.451,-2.24,-58.495,-2.884,-52.287,-2.578,1044.4,2028.514,984.113,18.0,-1.974,-1311.857,184.676,-332.986,2.315,30.545,149.403,728.176,0.335,-49.689,-61.796,-27.589,-64.474,14.0,-33.954,269.0,65.0,32.218,-57.813,0.676,-2.683,2.309,37.962,171.723,0.636,-2.594,-77.814,-2.76,-96.59,0.355,39
-606.779,-2.256,-57.675,-2.931,-51.89,-2.637,963.036,1967.645,1004.609,12.0,-1.736,-1314.573,185.882,-337.015,2.346,30.428,149.564,723.993,0.341,-49.319,-66.196,-23.804,-63.952,14.0,-35.03,269.0,59.0,35.047,-55.628,0.665,-2.87,1.86,31.786,178.924,0.619,-2.777,-74.981,-2.948,-94.341,0.642,39
-602.63,-2.24,-56.094,-2.839,-52.632,-2.663,991.373,1976.116,984.743,17.0,-1.15,-1312.383,184.732,-337.114,2.368,30.377,151.512,722.296,0.332,-48.427,-65.115,-27.096,-62.76,14.0,-34.47,269.0,65.0,31.19,-57.776,0.653,-2.631,2.066,36.782,182.081,0.642,-2.662,-77.195,-2.606,-93.816,0.26,39
-600.513,-2.232,-59.852,-2.99,-54.051,-2.7,955.638,2001.986,1046.349,20.0,-1.843,-1311.907,183.143,-336.384,2.301,30.742,146.519,731.502,0.337,-50.979,-64.573,-27.713,-64.662,14.0,-34.598,269.0,65.0,33.076,-55.381,0.686,-2.728,2.378,43.619,173.872,0.63,-2.59,-77.711,-2.846,-99.613,0.375,39
-610.73,-2.27,-56.698,-2.817,-51.135,-2.541,1063.182,2012.646,949.464,16.0,-1.546,-1328.828,188.192,-335.208,2.419,30.667,152.365,728.611,0.327,-50.489,-61.933,-23.218,-63.37,14.0,-34.516,269.0,62.0,31.133,-57.192,0.632,-2.783,1.799,32.771,177.318,0.647,-2.85,-76.947,-2.731,-95.591,0.297,39
-602.159,-2.239,-57.53,-2.831,-53.878,-2.651,1048.033,2032.244,984.211,13.0,-1.668,-1318.383,188.01,-337.994,2.392,30.794,150.759,727.476,0.323,-49.619,-65.972,-23.869,-63.454,14.0,-35.427,269.0,60.0,36.679,-56.525,0.713,-2.774,1.872,34.195,177.885,0.639,-2.731,-76.477,-2.811,-89.96,0.692,39
-603.11,-2.242,-57.618,-2.84,-53.63,-2.643,1020.087,2028.776,1008.689,12.0,-1.677,-1320.593,190.352,-336.219,2.413,31.306,149.54,727.174,0.32,-49.345,-66.402,-23.497,-63.35,14.0,-35.14,269.0,61.0,35.679,-56.536,0.668,-2.777,1.881,33.659,177.029,0.64,-2.732,-76.488,-2.814,-92.878,0.616,43
-614.447,-2.284,-55.309,-2.777,-53.078,-2.665,1017.543,1991.821,974.278,16.0,-1.63,-1327.892,191.104,-338.631,2.415,31.023,148.756,733.198,0.312,-50.42,-65.49,-28.23,-63.608,13.0,-35.465,269.0,60.0,32.433,-55.461,0.693,-2.888,1.886,35.483,175.755,0.646,-2.831,-79.26,-2.938,-94.004,0.327,43
-605.075,-2.25,-58.287,-2.912,-54.521,-2.724,1053.684,2001.445,947.76,19.0,-1.681,-1309.784,186.589,-338.355,2.376,30.43,151.615,723.17,0.325,-48.94,-64.918,-26.162,-63.379,15.0,-34.809,269.0,68.0,29.265,-58.646,0.671,-2.677,1.918,37.42,178.285,0.643,-2.614,-81.025,-2.731,-101.044,0.53,43
-612.139,-2.276,-56.916,-2.876,-53.373,-2.697,1088.635,1979.089,890.454,17.0,-1.541,-1322.692,181.872,-334.517,2.353,30.609,151.836,727.921,0.281,-49.195,-62.582,-22.995,-63.801,12.0,-36.754,269.0,65.0,30.676,-57.137,0.661,-2.737,1.897,33.242,178.393,0.63,-2.68,-77.73,-2.782,-100.149,0.277,43
-600.081,-2.231,-57.809,-2.846,-54.189,-2.668,1089.911,2031.27,941.359,19.0,-1.888,-1296.502,183.561,-338.887,2.338,30.006,150.194,725.153,0.324,-49.267,-65.353,-26.218,-63.853,15.0,-34.735,269.0,68.0,28.45,-60.044,0.636,-2.635,2.136,36.916,177.413,0.65,-2.626,-81.405,-2.643,-97.789,0.502,43
-600.6,-2.233,-55.299,-2.708,-49.19,-2.409,1065.799,2042.341,976.543,14.0,-1.699,-1309.412,184.467,-331.49,2.385,30.627,153.621,719.512,0.321,-48.471,-64.406,-22.765,-62.719,14.0,-36.51,269.0,60.0,32.735,-59.874,0.669,-2.738,2.005,34.382,176.194,0.639,-2.636,-76.458,-2.833,-87.819,0.817,43
-604.537,-2.247,-56.917,-2.826,-51.892,-2.577,1045.255,2013.882,968.627,15.0,-1.662,-1319.826,189.663,-333.39,2.4,31.314,149.713,722.714,0.34,-49.387,-66.362,-24.095,-63.391,14.0,-35.556,269.0,59.0,34.886,-56.424,0.688,-2.885,1.792,34.131,178.342,0.628,-2.777,-77.748,-2.982,-92.448,0.601,43
-609.336,-2.264,-54.434,-2.726,-49.887,-2.499,1035.779,1996.612,960.833,17.0,-1.606,-1329.917,190.853,-334.882,2.408,30.969,153.102,731.303,0.331,-50.798,-61.926,-26.226,-63.516,14.0,-34.501,269.0,62.0,31.987,-57.222,0.684,-2.745,1.878,33.561,174.826,0.653,-2.801,-78.437,-2.698,-91.738,0.369,43
-612.831,-2.277,-55.666,-2.823,-52.329,-2.654,1018.646,1971.759,953.113,14.0,-1.672,-1322.668,190.57,-340.05,2.415,31.197,147.539,734.416,0.318,-51.761,-66.096,-28.134,-63.548,13.0,-34.691,269.0,60.0,32.023,-55.643,0.645,-2.873,1.826,36.06,175.019,0.647,-2.818,-78.917,-2.922,-93.493,0.368,43
-610.373,-2.269,-56.38,-2.756,-52.748,-2.579,1082.339,2045.623,963.284,19.0,-1.554,-1326.938,190.553,-336.196,2.417,30.524,152.694,726.433,0.314,-51.729,-62.203,-25.169,-63.301,13.0,-34.616,269.0,62.0,32.822,-57.022,0.66,-2.791,1.628,33.04,177.954,0.621,-2.841,-76.706,-2.753,-96.338,0.289,43
-611.915,-2.275,-54.669,-2.749,-51.582,-2.593,1094.984,1988.992,894.007,16.0,-1.561,-1328.296,191.468,-337.443,2.438,31.298,151.863,732.495,0.297,-50.753,-62.69,-22.365,-63.162,12.0,-36.333,269.0,61.0,30.699,-57.735,0.639,-2.859,2.011,32.336,173.442,0.624,-2.843,-76.759,-2.872,-97.645,0.372,32
-606.554,-2.255,-55.729,-2.831,-51.281,-2.605,1024.962,1968.245,943.283,14.0,-1.709,-1321.712,183.283,-334.873,2.364,31.012,149.113,731.343,0.327,-48.692,-67.243,-24.259,-63.523,13.0,-36.076,269.0,61.0,35.616,-56.632,0.708,-2.776,1.829,32.028,180.986,0.63,-2.68,-77.725,-2.863,-91.607,0.591,32
-609.336,-2.264,-54.434,-2.726,-49.887,-2.499,1035.779,1996.612,960.833,17.0,-1.606,-1329.917,190.853,-334.882,2.408,30.969,153.102,731.303,0.331,-50.798,-61.926,-26.226,-63.516,14.0,-34.501,269.0,62.0,31.987,-57.222,0.684,-2.745,1.878,33.561,174.826,0.653,-2.801,-78.437,-2.698,-91.738,0.369,32
-603.639,-2.244,-56.186,-2.793,-51.76,-2.573,1083.822,2011.321,927.499,18.0,-1.838,-1315.801,186.307,-333.541,2.384,31.246,146.739,729.604,0.323,-48.254,-66.169,-23.603,-63.669,13.0,-35.869,269.0,60.0,33.774,-55.987,0.72,-2.822,1.814,32.641,175.923,0.635,-2.713,-75.967,-2.918,-93.378,0.657,32
-611.549,-2.273,-58.105,-2.885,-50.293,-2.497,964.185,2014.146,1049.961,18.0,-1.901,-1315.974,185.794,-336.021,2.323,30.691,151.091,730.371,0.344,-50.819,-62.071,-27.823,-64.9,14.0,-34.82,269.0,65.0,32.619,-60.309,0.666,-2.681,1.805,35.555,172.601,0.646,-2.604,-75.504,-2.743,-98.732,0.239,32
-596.583,-2.218,-58.537,-2.865,-54.422,-2.663,1041.138,2043.31,1002.171,14.0,-1.956,-1302.84,184.934,-335.092,2.324,30.298,148.873,726.972,0.321,-48.974,-65.234,-28.866,-63.57,14.0,-34.757,269.0,65.0,32.77,-57.842,0.715,-2.734,2.534,40.102,173.53,0.638,-2.601,-78.026,-2.849,-99.713,0.211,32
-608.034,-2.26,-55.657,-2.81,-51.163,-2.583,999.609,1980.402,980.792,15.0,-1.649,-1319.097,181.787,-334.374,2.364,31.039,148.714,732.416,0.329,-48.767,-66.771,-24.255,-63.63,13.0,-36.169,269.0,61.0,35.431,-56.514,0.687,-2.763,1.813,32.233,176.806,0.629,-2.678,-77.661,-2.84,-90.883,0.588,32
-603.32,-2.243,-52.917,-2.88,-47.257,-2.572,944.58,1837.292,892.712,13.0,-1.808,-1302.169,185.079,-342.443,2.41,30.284,149.501,723.842,0.355,-50.288,-66.033,-23.072,-64.625,13.0,-36.292,269.0,62.0,34.037,-60.012,0.679,-2.728,1.679,41.309,174.771,0.597,-2.579,-74.798,-2.858,-94.324,0.508,32
-596.844,-2.219,-49.112,-2.705,-43.084,-2.373,896.19,1815.585,919.395,15.0,-1.554,-1300.146,185.877,-337.679,2.404,30.311,150.478,722.033,0.355,-48.632,-66.769,-19.616,-63.489,13.0,-36.399,269.0,60.0,34.09,-59.729,0.682,-2.72,1.688,38.522,171.226,0.597,-2.691,-75.338,-2.746,-87.88,0.54,32
-602.255,-2.239,-56.815,-2.839,-53.935,-2.695,1050.672,2000.979,950.306,17.0,-1.812,-1317.178,188.221,-335.179,2.377,30.911,145.835,732.633,0.336,-49.306,-65.201,-26.16,-63.592,14.0,-37.14,269.0,63.0,32.944,-54.237,0.674,-2.744,1.936,36.385,176.045,0.652,-2.834,-79.366,-2.672,-93.532,0.262,32
-607.826,-2.26,-55.593,-2.833,-52.498,-2.675,1068.146,1962.185,894.039,14.0,-1.386,-1320.439,189.34,-338.019,2.401,30.928,150.44,732.866,0.293,-50.183,-63.041,-23.105,-63.228,12.0,-36.458,269.0,64.0,31.393,-57.787,0.723,-2.732,1.923,33.558,172.57,0.624,-2.714,-75.979,-2.746,-98.852,0.402,35
-607.576,-2.259,-54.526,-2.798,-51.036,-2.619,1020.184,1948.946,928.762,15.0,-1.202,-1319.204,187.153,-335.76,2.327,31.021,151.471,728.096,0.301,-47.878,-63.141,-22.694,-62.934,12.0,-36.169,269.0,64.0,30.902,-57.783,0.652,-2.689,1.969,32.398,173.623,0.62,-2.663,-74.571,-2.71,-97.544,0.23,35
-609.336,-2.264,-54.434,-2.726,-49.887,-2.499,1035.779,1996.612,960.833,17.0,-1.606,-1329.917,190.853,-334.882,2.408,30.969,153.102,731.303,0.331,-50.798,-61.926,-26.226,-63.516,14.0,-34.501,269.0,62.0,31.987,-57.222,0.684,-2.745,1.878,33.561,174.826,0.653,-2.801,-78.437,-2.698,-91.738,0.369,35
-603.639,-2.244,-56.186,-2.793,-51.76,-2.573,1083.822,2011.321,927.499,18.0,-1.838,-1315.801,186.307,-333.541,2.384,31.246,146.739,729.604,0.323,-48.254,-66.169,-23.603,-63.669,13.0,-35.869,269.0,60.0,33.774,-55.987,0.72,-2.822,1.814,32.641,175.923,0.635,-2.713,-75.967,-2.918,-93.378,0.657,35
-601.535,-2.236,-55.32,-2.727,-52.193,-2.572,1067.781,2028.964,961.182,13.0,-1.647,-1317.367,187.08,-333.207,2.392,30.833,149.691,725.691,0.318,-48.49,-65.947,-23.473,-63.256,13.0,-36.569,269.0,60.0,35.949,-56.084,0.672,-2.76,1.868,32.443,177.885,0.642,-2.71,-75.871,-2.804,-89.722,0.674,35
-602.956,-2.241,-55.774,-2.785,-50.233,-2.508,1024.776,2002.809,978.033,14.0,-1.458,-1324.596,191.417,-334.785,2.381,30.905,151.598,729.776,0.339,-50.65,-61.996,-26.25,-63.195,14.0,-33.772,269.0,62.0,31.251,-57.325,0.703,-2.68,1.962,34.007,177.499,0.64,-2.748,-76.947,-2.624,-89.222,0.277,35
-609.767,-2.267,-55.7,-2.842,-52.511,-2.679,1023.086,1960.124,937.038,16.0,-1.261,-1324.128,191.396,-336.528,2.405,30.834,150.321,729.946,0.296,-49.08,-63.823,-21.787,-63.242,12.0,-37.77,269.0,65.0,31.01,-57.812,0.727,-2.741,2.0,33.114,174.248,0.62,-2.712,-75.939,-2.763,-102.226,0.389,35
-596.314,-2.217,-59.617,-2.908,-54.596,-2.663,1005.103,2050.103,1045.001,18.0,-1.912,-1304.431,184.726,-336.03,2.332,30.292,151.042,725.52,0.326,-48.696,-65.575,-29.098,-64.488,14.0,-34.89,269.0,66.0,32.144,-57.813,0.665,-2.69,2.593,42.577,175.144,0.64,-2.64,-79.197,-2.731,-98.311,0.248,35
-608.014,-2.26,-55.21,-2.785,-53.063,-2.677,1003.89,1982.457,978.568,15.0,-1.679,-1315.695,186.243,-338.713,2.377,30.824,146.188,732.932,0.314,-50.445,-65.92,-28.21,-63.524,13.0,-34.576,269.0,60.0,31.52,-55.205,0.684,-2.832,1.951,36.22,177.259,0.642,-2.779,-77.824,-2.877,-92.079,0.44,35
-614.263,-2.284,-55.719,-2.819,-52.503,-2.657,1035.432,1976.4,940.968,15.0,-1.667,-1326.832,190.201,-338.994,2.421,30.982,149.016,730.125,0.32,-50.557,-65.649,-28.102,-63.563,13.0,-34.706,269.0,60.0,32.508,-55.248,0.746,-2.881,1.856,35.431,178.131,0.642,-2.817,-78.88,-2.937,-93.975,0.384,35
-607.489,-2.258,-53.775,-2.734,-49.997,-2.542,1044.263,1966.847,922.583,18.0,-1.867,-1316.836,182.567,-333.663,2.358,31.129,145.195,728.862,0.315,-47.041,-66.33,-27.644,-62.651,12.0,-34.241,269.0,61.0,33.408,-54.95,0.682,-2.704,1.833,35.651,176.469,0.626,-2.71,-78.596,-2.699,-86.356,0.26,13
-609.316,-2.265,-55.87,-2.831,-51.762,-2.623,1049.301,1973.728,924.427,17.0,-1.73,-1317.354,182.979,-341.711,2.336,31.004,147.299,736.735,0.342,-50.731,-65.055,-25.042,-64.087,14.0,-34.224,269.0,62.0,31.806,-54.781,0.678,-2.702,1.903,36.181,174.728,0.641,-2.784,-80.74,-2.63,-86.783,0.429,13
-608.818,-2.259,-54.038,-2.769,-49.468,-2.535,1051.415,1951.409,899.995,17.0,-1.75,-1320.316,188.471,-336.687,2.399,31.326,147.418,726.119,0.344,-48.318,-65.171,-27.178,-63.441,13.0,-34.135,269.0,62.0,32.234,-55.244,0.749,-2.747,1.888,35.105,177.96,0.634,-2.757,-79.963,-2.738,-90.349,0.503,13
-603.595,-2.244,-48.058,-2.612,-42.937,-2.333,835.2,1840.17,1004.97,15.0,-1.648,-1307.254,191.691,-337.954,2.369,30.945,153.231,721.355,0.35,-48.347,-67.308,-25.728,-63.799,12.0,-36.064,269.0,60.0,35.815,-60.921,0.638,-2.752,2.156,36.982,170.299,0.596,-2.757,-77.195,-2.748,-87.941,0.586,13
-608.124,-2.26,-52.587,-2.687,-48.247,-2.466,987.039,1956.761,969.722,18.0,-1.982,-1321.781,186.175,-331.954,2.405,31.373,146.579,728.029,0.322,-47.474,-65.626,-28.172,-63.035,12.0,-34.598,269.0,61.0,33.376,-54.815,0.621,-2.726,1.719,36.281,175.129,0.619,-2.76,-80.026,-2.695,-86.249,0.247,13
-605.425,-2.251,-53.45,-2.711,-50.613,-2.567,1017.405,1971.301,953.896,17.0,-1.884,-1319.962,182.562,-333.632,2.386,31.219,146.257,729.564,0.312,-47.371,-66.445,-25.218,-62.676,13.0,-34.684,269.0,61.0,34.282,-55.464,0.658,-2.699,1.856,35.898,177.621,0.646,-2.717,-78.787,-2.683,-85.847,0.265,13
-593.85,-2.208,-43.997,-2.527,-40.571,-2.33,831.036,1741.249,910.213,14.0,-1.541,-1300.543,187.481,-328.684,2.336,30.353,153.624,713.623,0.333,-46.433,-65.177,-24.756,-63.104,10.0,-36.526,269.0,58.0,34.205,-60.872,0.677,-2.655,2.205,36.717,172.73,0.601,-2.691,-75.345,-2.622,-78.665,0.513,13
-607.83,-2.26,-54.623,-2.787,-50.3,-2.567,1085.654,1959.832,874.178,16.0,-1.447,-1310.573,180.076,-331.233,2.333,30.584,148.973,719.532,0.29,-45.08,-61.864,-20.492,-64.45,12.0,-38.908,269.0,64.0,30.232,-58.005,0.594,-2.696,1.973,32.548,177.464,0.57,-2.67,-77.432,-2.718,-95.119,0.507,13
-601.927,-2.238,-51.959,-2.654,-48.262,-2.465,995.266,1957.628,962.362,18.0,-1.543,-1316.177,188.571,-331.368,2.396,31.293,145.887,728.009,0.317,-47.563,-66.873,-27.772,-62.508,12.0,-33.965,269.0,61.0,34.237,-56.19,0.678,-2.691,1.66,34.809,175.019,0.614,-2.674,-77.547,-2.706,-86.593,0.152,13
-605.096,-2.249,-54.629,-2.817,-49.856,-2.571,1047.952,1939.214,891.262,20.0,-1.742,-1318.658,187.45,-334.409,2.426,31.64,145.797,728.224,0.344,-47.376,-65.203,-27.162,-63.144,13.0,-34.374,269.0,61.0,31.906,-54.978,0.664,-2.717,1.917,35.559,176.536,0.624,-2.786,-80.804,-2.655,-84.954,0.495,13
-610.73,-2.27,-56.698,-2.817,-51.135,-2.541,1063.182,2012.646,949.464,16.0,-1.546,-1328.828,188.192,-335.208,2.419,30.667,152.365,728.611,0.327,-50.489,-61.933,-23.218,-63.37,14.0,-34.516,269.0,62.0,31.133,-57.192,0.632,-2.783,1.799,32.771,177.318,0.647,-2.85,-76.947,-2.731,-95.591,0.297,42
-609.336,-2.264,-54.434,-2.726,-49.887,-2.499,1035.779,1996.612,960.833,17.0,-1.606,-1329.917,190.853,-334.882,2.408,30.969,153.102,731.303,0.331,-50.798,-61.926,-26.226,-63.516,14.0,-34.501,269.0,62.0,31.987,-57.222,0.684,-2.745,1.878,33.561,174.826,0.653,-2.801,-78.437,-2.698,-91.738,0.369,42
-603.883,-2.245,-58.052,-2.885,-53.14,-2.641,1040.504,2012.143,971.639,15.0,-1.674,-1321.12,187.994,-337.439,2.4,31.054,152.051,727.86,0.332,-49.781,-66.009,-24.076,-63.484,14.0,-35.197,269.0,61.0,36.191,-56.289,0.673,-2.787,1.917,34.264,176.834,0.64,-2.77,-77.554,-2.801,-92.448,0.621,42
-612.139,-2.276,-56.916,-2.876,-53.373,-2.697,1088.635,1979.089,890.454,17.0,-1.541,-1322.692,181.872,-334.517,2.353,30.609,151.836,727.921,0.281,-49.195,-62.582,-22.995,-63.801,12.0,-36.754,269.0,65.0,30.676,-57.137,0.661,-2.737,1.897,33.242,178.393,0.63,-2.68,-77.73,-2.782,-100.149,0.277,42
-603.261,-2.243,-55.471,-2.782,-49.73,-2.494,1004.52,1993.799,989.279,17.0,-1.565,-1303.925,182.637,-334.235,2.363,30.469,148.33,721.886,0.309,-49.496,-63.991,-21.46,-63.255,13.0,-35.872,269.0,59.0,34.465,-59.395,0.668,-2.628,2.077,32.462,174.58,0.641,-2.665,-74.633,-2.595,-80.447,0.663,42
-603.11,-2.242,-57.618,-2.84,-53.63,-2.643,1020.087,2028.776,1008.689,12.0,-1.677,-1320.593,190.352,-336.219,2.413,31.306,149.54,727.174,0.32,-49.345,-66.402,-23.497,-63.35,14.0,-35.14,269.0,61.0,35.679,-56.536,0.668,-2.777,1.881,33.659,177.029,0.64,-2.732,-76.488,-2.814,-92.878,0.616,42
-597.15,-2.22,-57.456,-2.846,-54.287,-2.689,1019.51,2019.15,999.64,20.0,-1.173,-1301.842,187.505,-338.84,2.312,30.38,152.643,726.74,0.326,-51.407,-64.654,-28.696,-63.008,14.0,-35.113,269.0,67.0,29.76,-59.048,0.622,-2.641,1.903,36.916,178.182,0.658,-2.595,-80.441,-2.681,-96.503,0.289,42
-605.075,-2.25,-58.287,-2.912,-54.521,-2.724,1053.684,2001.445,947.76,19.0,-1.681,-1309.784,186.589,-338.355,2.376,30.43,151.615,723.17,0.325,-48.94,-64.918,-26.162,-63.379,15.0,-34.809,269.0,68.0,29.265,-58.646,0.671,-2.677,1.918,37.42,178.285,0.643,-2.614,-81.025,-2.731,-101.044,0.53,42
-613.281,-2.28,-55.713,-2.779,-53.489,-2.668,1008.063,2004.624,996.561,17.0,-1.653,-1325.629,189.394,-339.518,2.415,31.004,149.187,732.108,0.312,-50.377,-65.782,-28.646,-63.688,13.0,-34.449,269.0,62.0,32.642,-55.443,0.722,-2.805,1.908,35.356,177.621,0.647,-2.836,-79.399,-2.78,-94.534,0.267,42
-601.679,-2.237,-57.531,-2.871,-53.79,-2.684,1031.767,2003.834,972.067,21.0,-1.608,-1310.759,188.018,-337.645,2.364,30.464,151.158,724.094,0.333,-48.315,-65.246,-26.26,-62.599,15.0,-34.888,269.0,67.0,29.089,-58.372,0.594,-2.642,1.897,36.425,180.215,0.646,-2.573,-77.197,-2.698,-99.831,0.29,42
-591.346,-2.198,-44.455,-2.295,-41.556,-2.146,961.704,1936.64,974.935,19.0,-1.87,-1308.308,189.402,-340.898,2.35,31.588,145.411,731.776,0.292,-48.663,-67.94,-25.588,-62.252,12.0,-34.436,269.0,61.0,38.074,-56.718,0.652,-2.779,1.722,38.137,176.176,0.594,-2.548,-71.334,-2.975,-98.162,0.69,2
-600.312,-2.229,-47.582,-2.449,-43.759,-2.252,955.408,1943.222,987.813,21.0,-1.94,-1302.803,185.555,-336.175,2.303,30.479,144.662,726.307,0.289,-45.901,-66.011,-27.824,-62.05,10.0,-34.456,269.0,66.0,31.912,-56.345,0.657,-2.702,1.688,35.809,173.762,0.591,-2.515,-75.436,-2.857,-102.866,0.717,2
-588.233,-2.187,-44.49,-2.358,-39.565,-2.097,949.586,1886.569,936.983,18.0,-1.86,-1306.594,192.219,-340.503,2.335,31.073,145.683,729.499,0.29,-47.734,-65.855,-24.109,-62.233,11.0,-34.955,269.0,59.0,36.628,-57.061,0.747,-2.666,1.58,36.244,176.636,0.596,-2.388,-64.468,-2.901,-92.826,0.776,2
-599.538,-2.228,-49.724,-2.563,-46.683,-2.407,994.338,1939.825,945.487,16.0,-1.91,-1314.272,188.752,-335.979,2.351,31.656,144.175,731.587,0.3,-45.782,-67.003,-28.721,-62.371,11.0,-34.081,269.0,60.0,33.451,-55.436,0.628,-2.733,1.638,36.988,175.223,0.6,-2.735,-76.568,-2.732,-87.433,0.196,2
-587.155,-2.183,-46.258,-2.367,-42.46,-2.173,948.397,1953.973,1005.576,16.0,-1.767,-1301.723,190.678,-334.534,2.324,31.716,145.49,729.605,0.285,-50.234,-67.064,-28.776,-61.092,11.0,-33.531,269.0,63.0,35.117,-57.741,0.706,-2.682,1.369,36.272,176.53,0.587,-2.588,-75.052,-2.761,-93.883,0.206,2
-585.615,-2.177,-44.443,-2.477,-41.22,-2.297,870.765,1794.342,923.577,16.0,-1.795,-1306.666,190.19,-333.988,2.322,31.345,147.549,731.802,0.329,-47.126,-66.725,-25.02,-62.949,11.0,-35.353,269.0,58.0,37.6,-57.939,0.704,-2.683,1.701,34.691,174.106,0.584,-2.516,-70.436,-2.839,-85.164,0.641,2
-595.985,-2.216,-47.373,-2.443,-43.474,-2.242,969.57,1938.908,969.338,16.0,-1.793,-1304.049,188.587,-342.101,2.31,31.514,143.837,734.722,0.333,-46.977,-66.929,-26.215,-61.416,11.0,-34.583,269.0,63.0,32.91,-57.146,0.671,-2.704,1.622,35.474,173.3,0.589,-2.633,-76.359,-2.764,-93.992,0.946,2
-585.615,-2.177,-45.734,-2.549,-41.023,-2.286,870.765,1794.342,923.577,16.0,-1.795,-1306.666,190.19,-333.988,2.322,31.345,147.549,731.802,0.353,-47.126,-66.725,-25.02,-62.949,12.0,-35.353,269.0,58.0,37.6,-57.939,0.652,-2.68,1.701,34.691,174.106,0.605,-2.496,-69.884,-2.851,-85.54,0.641,2
-610.763,-2.27,-43.778,-2.29,-39.704,-2.077,915.531,1911.31,995.779,21.0,-1.701,-1309.963,188.096,-342.099,2.338,31.103,145.718,726.337,0.325,-49.456,-67.373,-24.846,-61.756,10.0,-35.985,269.0,59.0,34.193,-58.428,0.687,-2.801,1.769,35.784,175.283,0.584,-2.591,-72.56,-2.991,-92.71,0.224,2
-596.513,-2.218,-44.278,-2.346,-40.993,-2.172,927.588,1887.091,959.503,17.0,-1.865,-1304.729,189.18,-347.78,2.344,31.502,144.056,735.266,0.301,-51.161,-67.057,-27.025,-61.317,11.0,-33.703,269.0,62.0,36.734,-56.665,0.691,-2.75,1.385,38.391,175.126,0.584,-2.511,-72.821,-2.96,-97.692,0.807,2
-591.884,-2.201,-58.19,-2.879,-50.507,-2.499,1028.604,2021.178,992.574,13.0,-1.979,-1308.363,185.615,-329.81,2.322,30.429,152.99,728.983,0.352,-48.069,-60.228,-27.623,-64.473,15.0,-35.371,269.0,65.0,32.969,-60.511,0.647,-2.704,2.548,37.765,170.735,0.652,-2.57,-77.108,-2.818,-98.64,0.185,29
-608.034,-2.26,-55.657,-2.81,-51.163,-2.583,999.609,1980.402,980.792,15.0,-1.649,-1319.097,181.787,-334.374,2.364,31.039,148.714,732.416,0.329,-48.767,-66.771,-24.255,-63.63,13.0,-36.169,269.0,61.0,35.431,-56.514,0.687,-2.763,1.813,32.233,176.806,0.629,-2.678,-77.661,-2.84,-90.883,0.588,29
-609.336,-2.264,-54.434,-2.726,-49.887,-2.499,1035.779,1996.612,960.833,17.0,-1.606,-1329.917,190.853,-334.882,2.408,30.969,153.102,731.303,0.331,-50.798,-61.926,-26.226,-63.516,14.0,-34.501,269.0,62.0,31.987,-57.222,0.684,-2.745,1.878,33.561,174.826,0.653,-2.801,-78.437,-2.698,-91.738,0.369,29
-600.554,-2.233,-48.782,-2.636,-43.43,-2.346,848.137,1850.94,1002.803,18.0,-1.803,-1307.312,193.518,-336.514,2.483,30.987,153.631,719.838,0.346,-46.847,-67.5,-25.71,-63.711,12.0,-35.982,269.0,59.0,33.985,-59.577,0.691,-2.774,1.742,36.637,171.039,0.596,-2.738,-76.654,-2.808,-87.037,0.541,29
-612.128,-2.276,-56.389,-2.826,-52.647,-2.638,1088.957,1995.657,906.7,19.0,-1.456,-1328.137,186.453,-339.165,2.43,31.559,152.055,741.775,0.29,-51.294,-62.52,-27.825,-63.793,12.0,-36.621,269.0,64.0,31.859,-58.017,0.663,-2.681,1.969,34.145,174.149,0.639,-2.652,-79.56,-2.707,-92.022,0.305,29
-607.3,-2.258,-54.495,-2.742,-50.907,-2.562,1031.629,1987.176,955.546,15.0,-1.568,-1326.251,191.931,-335.145,2.42,31.163,152.081,728.462,0.3,-51.268,-62.38,-21.078,-63.501,12.0,-35.866,269.0,62.0,30.902,-57.506,0.678,-2.774,1.932,32.671,175.452,0.621,-2.748,-76.943,-2.796,-95.055,0.247,29
-606.699,-2.255,-57.839,-2.871,-53.789,-2.67,1040.2,2014.722,974.523,17.0,-1.782,-1312.893,181.841,-335.337,2.345,30.726,145.011,731.143,0.342,-49.485,-64.914,-26.3,-63.905,14.0,-36.465,269.0,63.0,32.258,-54.635,0.671,-2.79,2.155,36.152,177.096,0.647,-2.873,-80.436,-2.724,-95.353,0.29,29
-601.126,-2.235,-48.684,-2.609,-43.269,-2.318,851.649,1866.345,1014.696,19.0,-1.631,-1305.877,192.673,-336.244,2.488,30.843,152.82,718.386,0.345,-47.135,-67.321,-25.577,-63.678,12.0,-36.199,269.0,59.0,33.741,-59.605,0.617,-2.765,1.837,36.968,171.845,0.594,-2.731,-76.467,-2.796,-86.67,0.542,29
-606.547,-2.255,-56.552,-2.836,-53.157,-2.666,1070.79,1993.919,923.13,14.0,-1.578,-1315.115,184.163,-341.029,2.387,30.514,148.452,731.638,0.315,-47.456,-66.463,-25.264,-63.444,13.0,-35.036,269.0,60.0,30.777,-56.037,0.683,-2.878,1.999,36.767,177.8,0.632,-2.893,-78.11,-2.866,-94.567,0.379,29
-606.325,-2.254,-45.865,-2.569,-41.155,-2.305,835.47,1785.199,949.73,13.0,-1.609,-1293.217,188.317,-339.013,2.365,30.496,145.451,712.874,0.363,-49.458,-69.33,-24.594,-63.739,12.0,-34.688,269.0,57.0,34.949,-59.247,0.554,-2.841,1.741,33.938,177.956,0.546,-2.742,-76.763,-2.936,-85.156,0.482,29
-602.956,-2.241,-55.774,-2.785,-50.233,-2.508,1024.776,2002.809,978.033,14.0,-1.458,-1324.596,191.417,-334.785,2.381,30.905,151.598,729.776,0.339,-50.65,-61.996,-26.25,-63.195,14.0,-33.772,269.0,62.0,31.251,-57.325,0.703,-2.68,1.962,34.007,177.499,0.64,-2.748,-76.947,-2.624,-89.222,0.277,34
-609.767,-2.267,-55.7,-2.842,-52.511,-2.679,1023.086,1960.124,937.038,16.0,-1.261,-1324.128,191.396,-336.528,2.405,30.834,150.321,729.946,0.296,-49.08,-63.823,-21.787,-63.242,12.0,-37.77,269.0,65.0,31.01,-57.812,0.727,-2.741,2.0,33.114,174.248,0.62,-2.712,-75.939,-2.763,-102.226,0.389,34
-607.13,-2.257,-55.819,-2.785,-51.188,-2.554,1031.574,2004.369,972.795,17.0,-1.865,-1318.237,185.151,-333.346,2.402,31.327,147.142,727.47,0.327,-48.367,-66.2,-24.103,-63.662,13.0,-35.701,269.0,61.0,33.964,-56.271,0.728,-2.799,1.755,32.892,177.874,0.622,-2.719,-78.849,-2.871,-91.884,0.645,34
-614.263,-2.284,-55.719,-2.819,-52.503,-2.657,1035.432,1976.4,940.968,15.0,-1.667,-1326.832,190.201,-338.994,2.421,30.982,149.016,730.125,0.32,-50.557,-65.649,-28.102,-63.563,13.0,-34.706,269.0,60.0,32.508,-55.248,0.746,-2.881,1.856,35.431,178.131,0.642,-2.817,-78.88,-2.937,-93.975,0.384,34
-607.986,-2.26,-55.104,-2.823,-52.017,-2.665,1056.971,1951.923,894.951,16.0,-1.524,-1320.454,189.362,-339.225,2.4,30.836,150.194,733.55,0.296,-50.634,-63.214,-23.073,-63.322,12.0,-35.611,269.0,64.0,31.82,-57.584,0.678,-2.718,1.816,33.665,172.57,0.615,-2.7,-75.613,-2.732,-98.36,0.441,34
-596.314,-2.217,-59.617,-2.908,-54.596,-2.663,1005.103,2050.103,1045.001,18.0,-1.912,-1304.431,184.726,-336.03,2.332,30.292,151.042,725.52,0.326,-48.696,-65.575,-29.098,-64.488,14.0,-34.89,269.0,66.0,32.144,-57.813,0.665,-2.69,2.593,42.577,175.144,0.64,-2.64,-79.197,-2.731,-98.311,0.248,34
-606.554,-2.255,-55.729,-2.831,-51.281,-2.605,1024.962,1968.245,943.283,14.0,-1.709,-1321.712,183.283,-334.873,2.364,31.012,149.113,731.343,0.327,-48.692,-67.243,-24.259,-63.523,13.0,-36.076,269.0,61.0,35.616,-56.632,0.708,-2.776,1.829,32.028,180.986,0.63,-2.68,-77.725,-2.863,-91.607,0.591,34
-603.639,-2.244,-56.186,-2.793,-51.76,-2.573,1083.822,2011.321,927.499,18.0,-1.838,-1315.801,186.307,-333.541,2.384,31.246,146.739,729.604,0.323,-48.254,-66.169,-23.603,-63.669,13.0,-35.869,269.0,60.0,33.774,-55.987,0.72,-2.822,1.814,32.641,175.923,0.635,-2.713,-75.967,-2.918,-93.378,0.657,34
-609.336,-2.264,-54.434,-2.726,-49.887,-2.499,1035.779,1996.612,960.833,17.0,-1.606,-1329.917,190.853,-334.882,2.408,30.969,153.102,731.303,0.331,-50.798,-61.926,-26.226,-63.516,14.0,-34.501,269.0,62.0,31.987,-57.222,0.684,-2.745,1.878,33.561,174.826,0.653,-2.801,-78.437,-2.698,-91.738,0.369,34
-609.486,-2.266,-55.042,-2.833,-52.121,-2.683,1053.644,1942.733,889.089,17.0,-1.389,-1323.295,187.346,-338.974,2.353,30.871,152.024,730.579,0.297,-50.858,-62.905,-23.099,-63.169,12.0,-35.429,269.0,65.0,31.761,-57.525,0.695,-2.694,1.965,33.773,176.115,0.617,-2.697,-75.517,-2.692,-99.605,0.371,34
-593.592,-2.201,-55.201,-2.84,-50.073,-2.576,1052.881,1943.783,890.902,16.0,-1.441,-1296.266,189.757,-334.552,2.367,30.138,152.422,714.924,0.32,-47.047,-66.951,-28.628,-64.56,13.0,-33.945,269.0,67.0,31.106,-59.732,0.647,-2.542,1.94,37.749,178.921,0.624,-2.578,-79.905,-2.512,-90.432,0.207,44
-603.381,-2.244,-56.446,-2.855,-51.943,-2.627,1027.602,1977.415,949.813,15.0,-1.936,-1310.262,181.867,-331.722,2.35,31.12,149.914,723.983,0.35,-51.21,-65.012,-24.416,-63.522,14.0,-36.996,269.0,60.0,33.767,-58.317,0.667,-2.811,1.858,35.196,179.323,0.627,-2.774,-77.682,-2.842,-90.951,0.633,44
-599.676,-2.23,-54.494,-2.724,-49.919,-2.496,1097.847,2000.16,902.312,12.0,-1.744,-1304.231,180.343,-330.854,2.371,30.685,153.569,720.686,0.308,-48.705,-65.671,-21.534,-63.15,14.0,-36.355,269.0,61.0,33.28,-59.153,0.707,-2.74,2.68,34.24,173.227,0.623,-2.724,-76.285,-2.754,-90.866,0.641,44
-603.962,-2.245,-58.228,-2.903,-53.188,-2.651,1005.28,2006.048,1000.768,12.0,-1.668,-1321.841,191.431,-337.742,2.412,31.607,150.912,727.616,0.326,-49.262,-66.317,-24.041,-63.377,14.0,-34.879,269.0,61.0,35.686,-56.372,0.656,-2.779,1.88,33.709,175.673,0.639,-2.719,-76.126,-2.83,-93.374,0.613,44
-607.525,-2.257,-54.447,-2.721,-52.236,-2.611,1017.117,2000.774,983.657,14.0,-1.695,-1325.755,190.914,-340.273,2.397,30.939,148.762,733.106,0.313,-50.793,-65.906,-26.239,-63.735,13.0,-33.607,269.0,62.0,33.537,-55.085,0.689,-2.724,1.836,35.903,177.794,0.647,-2.723,-76.238,-2.724,-92.63,0.376,44
-614.447,-2.284,-55.309,-2.777,-53.078,-2.665,1017.543,1991.821,974.278,16.0,-1.63,-1327.892,191.104,-338.631,2.415,31.023,148.756,733.198,0.312,-50.42,-65.49,-28.23,-63.608,13.0,-35.465,269.0,60.0,32.433,-55.461,0.693,-2.888,1.886,35.483,175.755,0.646,-2.831,-79.26,-2.938,-94.004,0.327,44
-611.379,-2.273,-55.371,-2.769,-53.184,-2.66,1039.223,1999.7,960.477,14.0,-1.69,-1327.439,190.761,-338.974,2.396,31.165,148.258,737.636,0.312,-50.484,-65.474,-28.266,-63.626,13.0,-35.402,269.0,60.0,32.211,-55.206,0.704,-2.861,1.862,35.683,174.872,0.644,-2.83,-79.243,-2.888,-92.431,0.341,44
-609.336,-2.264,-54.434,-2.726,-49.887,-2.499,1035.779,1996.612,960.833,17.0,-1.606,-1329.917,190.853,-334.882,2.408,30.969,153.102,731.303,0.331,-50.798,-61.926,-26.226,-63.516,14.0,-34.501,269.0,62.0,31.987,-57.222,0.684,-2.745,1.878,33.561,174.826,0.653,-2.801,-78.437,-2.698,-91.738,0.369,44
-600.081,-2.231,-57.809,-2.846,-54.189,-2.668,1089.911,2031.27,941.359,19.0,-1.888,-1296.502,183.561,-338.887,2.338,30.006,150.194,725.153,0.324,-49.267,-65.353,-26.218,-63.853,15.0,-34.735,269.0,68.0,28.45,-60.044,0.636,-2.635,2.136,36.916,177.413,0.65,-2.626,-81.405,-2.643,-97.789,0.502,44
-607.926,-2.26,-55.761,-2.746,-51.216,-2.522,1051.288,2030.465,979.177,19.0,-1.361,-1326.651,189.151,-338.189,2.338,30.871,152.935,734.539,0.32,-51.472,-61.231,-25.228,-62.851,13.0,-33.391,269.0,62.0,30.889,-57.324,0.725,-2.731,1.756,32.931,174.021,0.651,-2.786,-78.011,-2.686,-91.33,0.34,44
-606.869,-2.256,-53.785,-2.782,-50.177,-2.596,946.164,1933.054,986.89,20.0,-1.786,-1317.104,184.317,-335.213,2.403,31.355,147.371,726.468,0.336,-46.569,-65.418,-27.186,-63.366,13.0,-34.606,269.0,61.0,32.822,-55.005,0.639,-2.723,1.886,35.519,176.979,0.627,-2.794,-81.024,-2.66,-85.107,0.264,10
-596.382,-2.218,-44.749,-2.492,-39.893,-2.222,809.464,1795.513,986.049,13.0,-1.738,-1304.582,188.923,-329.41,2.371,31.172,152.234,719.459,0.334,-43.981,-66.732,-25.014,-64.832,9.0,-36.609,269.0,59.0,36.447,-60.788,0.644,-2.654,2.306,35.233,168.681,0.583,-2.618,-73.295,-2.687,-83.294,0.479,10
-606.422,-2.252,-45.741,-2.614,-40.798,-2.331,849.405,1749.908,900.503,15.0,-1.541,-1300.305,186.054,-334.414,2.357,31.145,149.372,717.239,0.353,-47.323,-68.208,-22.547,-65.107,11.0,-37.71,269.0,57.0,36.066,-57.967,0.672,-2.62,1.823,32.485,171.358,0.582,-2.632,-73.709,-2.607,-75.613,0.803,10
-605.425,-2.251,-53.45,-2.711,-50.613,-2.567,1017.405,1971.301,953.896,17.0,-1.884,-1319.962,182.562,-333.632,2.386,31.219,146.257,729.564,0.312,-47.371,-66.445,-25.218,-62.676,13.0,-34.684,269.0,61.0,34.282,-55.464,0.658,-2.699,1.856,35.898,177.621,0.646,-2.717,-78.787,-2.683,-85.847,0.265,10
-605.223,-2.25,-49.25,-2.514,-45.306,-2.313,1028.894,1958.666,929.772,18.0,-1.663,-1319.92,189.017,-334.28,2.402,31.619,150.129,727.734,0.296,-46.506,-62.741,-27.733,-63.462,10.0,-34.8,269.0,63.0,31.775,-56.777,0.676,-2.753,1.94,33.56,174.18,0.587,-2.793,-80.991,-2.718,-92.421,0.304,10
-596.332,-2.217,-44.082,-2.525,-40.968,-2.347,826.492,1745.885,919.393,13.0,-1.67,-1299.832,188.78,-332.48,2.348,30.682,153.745,714.172,0.345,-47.001,-65.853,-25.566,-63.489,11.0,-36.165,269.0,60.0,34.931,-60.86,0.686,-2.683,2.172,37.23,171.925,0.576,-2.721,-76.179,-2.649,-84.78,0.599,10
-593.85,-2.208,-43.997,-2.527,-40.571,-2.33,831.036,1741.249,910.213,14.0,-1.541,-1300.543,187.481,-328.684,2.336,30.353,153.624,713.623,0.333,-46.433,-65.177,-24.756,-63.104,10.0,-36.526,269.0,58.0,34.205,-60.872,0.677,-2.655,2.205,36.717,172.73,0.601,-2.691,-75.345,-2.622,-78.665,0.513,10
-607.92,-2.26,-54.362,-2.813,-49.414,-2.557,975.7,1932.738,957.037,19.0,-1.692,-1314.133,182.118,-334.62,2.336,31.234,145.982,727.918,0.352,-48.614,-65.307,-26.524,-63.378,14.0,-34.466,269.0,61.0,32.537,-54.807,0.637,-2.692,1.858,35.743,175.538,0.621,-2.752,-79.802,-2.638,-84.409,0.357,10
-597.29,-2.22,-43.736,-2.498,-40.112,-2.291,839.317,1751.12,911.803,14.0,-1.57,-1303.749,189.089,-328.998,2.347,30.373,153.55,712.135,0.345,-46.521,-65.095,-25.687,-63.294,10.0,-36.1,269.0,59.0,34.059,-60.476,0.684,-2.673,2.171,36.583,173.257,0.596,-2.686,-75.203,-2.661,-82.496,0.635,10
-596.396,-2.216,-51.385,-2.578,-47.728,-2.394,922.249,1993.564,1071.315,19.0,-1.9,-1307.981,186.175,-337.379,2.368,30.977,144.638,727.077,0.352,-49.479,-66.921,-28.101,-62.47,14.0,-33.519,269.0,59.0,34.179,-54.741,0.63,-2.771,1.679,38.875,179.762,0.554,-2.773,-77.635,-2.769,-85.835,0.363,10
-607.05,-2.257,-55.078,-2.746,-51.354,-2.56,1018.28,2006.034,987.754,19.0,-1.817,-1322.314,188.667,-333.275,2.416,31.155,148.001,723.862,0.32,-47.091,-65.198,-26.183,-63.585,13.0,-36.336,269.0,62.0,33.301,-54.431,0.666,-2.816,1.883,35.699,177.968,0.633,-2.835,-79.369,-2.801,-95.251,0.229,25
-609.076,-2.264,-58.03,-2.949,-52.852,-2.686,1076.3,1967.795,891.496,15.0,-1.563,-1327.989,191.546,-342.012,2.37,30.41,153.598,734.81,0.345,-49.355,-64.741,-29.357,-64.276,14.0,-35.64,269.0,65.0,32.81,-57.174,0.701,-2.744,1.815,36.602,178.701,0.663,-2.64,-79.208,-2.833,-99.167,0.369,25
-606.699,-2.255,-57.839,-2.871,-53.789,-2.67,1040.2,2014.722,974.523,17.0,-1.782,-1312.893,181.841,-335.337,2.345,30.726,145.011,731.143,0.342,-49.485,-64.914,-26.3,-63.905,14.0,-36.465,269.0,63.0,32.258,-54.635,0.696,-2.79,2.155,36.152,177.096,0.647,-2.873,-80.436,-2.724,-95.353,0.29,25
-608.813,-2.263,-44.725,-2.414,-42.539,-2.296,883.694,1853.087,969.394,17.0,-1.571,-1302.23,190.596,-338.017,2.354,31.288,151.404,718.667,0.291,-46.338,-69.122,-24.138,-63.583,10.0,-36.625,269.0,59.0,33.052,-61.141,0.631,-2.778,1.909,34.997,169.173,0.577,-2.728,-76.381,-2.824,-87.529,0.511,25
-609.336,-2.264,-54.434,-2.726,-49.887,-2.499,1035.779,1996.612,960.833,17.0,-1.606,-1329.917,190.853,-334.882,2.408,30.969,153.102,731.303,0.331,-50.798,-61.926,-26.226,-63.516,14.0,-34.501,269.0,62.0,31.987,-57.222,0.684,-2.745,1.878,33.561,174.826,0.653,-2.801,-78.437,-2.698,-91.738,0.369,25
-613.472,-2.281,-55.752,-2.862,-52.42,-2.691,1001.73,1947.733,946.004,14.0,-1.554,-1321.161,187.028,-339.093,2.355,30.973,148.672,731.486,0.322,-50.696,-65.575,-28.116,-63.325,13.0,-34.51,269.0,60.0,32.24,-55.442,0.7,-2.854,1.868,34.867,176.18,0.642,-2.806,-78.577,-2.895,-92.654,0.332,25
-606.433,-2.254,-55.876,-2.843,-51.903,-2.641,1017.196,1965.35,948.153,14.0,-1.867,-1322.368,185.691,-335.271,2.368,30.786,148.276,733.246,0.346,-49.994,-65.889,-27.362,-64.072,14.0,-33.539,269.0,63.0,35.162,-55.629,0.679,-2.722,1.749,35.531,176.469,0.644,-2.742,-79.515,-2.705,-91.955,0.281,25
-599.897,-2.23,-47.016,-2.632,-41.801,-2.34,774.432,1786.229,1011.797,11.0,-1.715,-1301.66,190.807,-336.298,2.376,30.722,150.967,716.758,0.34,-47.376,-67.565,-24.376,-63.576,11.0,-35.954,269.0,59.0,36.137,-60.807,0.634,-2.749,2.293,36.886,172.02,0.6,-2.74,-76.716,-2.758,-85.493,0.465,25
-604.676,-2.248,-47.953,-2.647,-42.747,-2.36,854.62,1811.488,956.869,14.0,-1.653,-1306.722,191.245,-337.111,2.36,30.917,151.438,720.636,0.332,-47.212,-66.641,-25.473,-63.704,10.0,-36.189,269.0,60.0,35.672,-60.92,0.595,-2.762,2.169,36.612,169.318,0.586,-2.75,-77.009,-2.773,-88.737,0.581,25
-609.541,-2.266,-47.727,-2.581,-42.246,-2.285,874.645,1849.1,974.455,13.0,-1.639,-1305.808,189.455,-339.664,2.377,30.814,150.43,720.179,0.34,-47.989,-69.129,-25.0,-63.81,11.0,-35.545,269.0,59.0,33.978,-61.137,0.641,-2.775,1.834,35.936,174.535,0.583,-2.75,-77.0,-2.798,-86.728,0.642,25
-590.576,-2.195,-56.911,-2.842,-52.556,-2.625,1059.773,2002.188,942.415,14.0,-1.895,-1318.886,188.858,-336.213,2.333,30.521,156.339,734.337,0.339,-47.512,-63.697,-27.97,-64.513,14.0,-35.862,269.0,65.0,33.695,-57.624,0.63,-2.699,2.549,40.527,174.039,0.672,-2.591,-77.721,-2.792,-97.729,0.4,28
-608.034,-2.26,-55.657,-2.81,-51.163,-2.583,999.609,1980.402,980.792,15.0,-1.649,-1319.097,181.787,-334.374,2.364,31.039,148.714,732.416,0.329,-48.767,-66.771,-24.255,-63.63,13.0,-36.169,269.0,61.0,35.431,-56.514,0.687,-2.763,1.813,32.233,176.806,0.629,-2.678,-77.661,-2.84,-90.883,0.588,28
-608.304,-2.261,-55.683,-2.783,-52.624,-2.63,1057.38,2001.12,943.74,14.0,-1.53,-1322.753,188.544,-339.148,2.389,30.723,149.607,731.777,0.321,-50.456,-65.026,-24.286,-63.461,13.0,-35.407,269.0,62.0,32.379,-55.679,0.696,-2.752,1.93,34.888,176.806,0.644,-2.767,-77.474,-2.74,-93.155,0.399,28
-599.897,-2.23,-47.016,-2.632,-41.801,-2.34,774.432,1786.229,1011.797,11.0,-1.715,-1301.66,190.807,-336.298,2.376,30.722,150.967,716.758,0.34,-47.376,-67.565,-24.376,-63.576,11.0,-35.954,269.0,59.0,36.137,-60.807,0.634,-2.749,2.293,36.886,172.02,0.6,-2.74,-76.716,-2.758,-85.493,0.465,28
-612.201,-2.276,-56.73,-2.853,-53.571,-2.694,1052.227,1988.709,936.483,11.0,-1.536,-1320.995,187.593,-339.594,2.396,30.662,148.264,729.258,0.309,-50.21,-65.495,-25.06,-63.367,13.0,-35.048,269.0,61.0,31.332,-55.61,0.664,-2.821,1.933,34.23,178.672,0.633,-2.826,-76.301,-2.817,-95.761,0.375,28
-607.976,-2.26,-54.838,-2.773,-51.652,-2.612,1097.32,1977.25,879.931,16.0,-1.594,-1324.809,189.284,-335.479,2.406,31.575,150.686,735.067,0.3,-50.787,-62.51,-25.484,-63.175,12.0,-36.314,269.0,62.0,30.774,-57.34,0.629,-2.777,2.026,33.462,173.943,0.642,-2.806,-78.568,-2.753,-93.602,0.294,28
-607.05,-2.257,-55.078,-2.746,-51.354,-2.56,1018.28,2006.034,987.754,19.0,-1.817,-1322.314,188.667,-333.275,2.416,31.155,148.001,723.862,0.32,-47.091,-65.198,-26.183,-63.585,13.0,-36.336,269.0,62.0,33.301,-54.431,0.666,-2.816,1.883,35.699,177.968,0.633,-2.835,-79.369,-2.801,-95.251,0.229,28
-609.336,-2.264,-54.434,-2.726,-49.887,-2.499,1035.779,1996.612,960.833,17.0,-1.606,-1329.917,190.853,-334.882,2.408,30.969,153.102,731.303,0.331,-50.798,-61.926,-26.226,-63.516,14.0,-34.501,269.0,62.0,31.987,-57.222,0.684,-2.745,1.878,33.561,174.826,0.653,-2.801,-78.437,-2.698,-91.738,0.369,28
-600.554,-2.233,-48.782,-2.636,-43.43,-2.346,848.137,1850.94,1002.803,18.0,-1.803,-1307.312,193.518,-336.514,2.483,30.987,153.631,719.838,0.346,-46.847,-67.5,-25.71,-63.711,12.0,-35.982,269.0,59.0,33.985,-59.577,0.691,-2.774,1.742,36.637,171.039,0.596,-2.738,-76.654,-2.808,-87.037,0.541,28
-609.873,-2.266,-46.231,-2.586,-40.996,-2.293,843.286,1787.981,944.695,12.0,-1.674,-1296.717,188.734,-338.65,2.371,30.596,145.273,714.88,0.365,-49.487,-69.189,-24.596,-63.723,12.0,-34.381,269.0,57.0,35.29,-60.469,0.673,-2.837,1.881,34.374,174.988,0.552,-2.739,-76.681,-2.932,-85.025,0.627,28
-611.529,-2.273,-45.567,-2.487,-43.03,-2.349,889.35,1832.237,942.887,16.0,-1.852,-1295.832,186.917,-339.934,2.351,31.059,148.055,716.248,0.271,-49.647,-67.921,-23.564,-64.099,9.0,-36.815,269.0,59.0,33.0,-62.856,0.67,-2.786,2.026,37.352,173.435,0.582,-2.721,-76.182,-2.845,-88.18,0.546,24
-609.336,-2.264,-54.434,-2.726,-49.887,-2.499,1035.779,1996.612,960.833,17.0,-1.606,-1329.917,190.853,-334.882,2.408,30.969,153.102,731.303,0.331,-50.798,-61.926,-26.226,-63.516,14.0,-34.501,269.0,62.0,31.987,-57.222,0.684,-2.745,1.878,33.561,174.826,0.653,-2.801,-78.437,-2.698,-91.738,0.369,24
-600.019,-2.231,-46.855,-2.596,-41.852,-2.319,831.776,1804.735,972.958,16.0,-1.676,-1303.073,191.275,-337.449,2.351,30.722,151.683,718.825,0.347,-47.238,-67.511,-25.775,-63.51,11.0,-34.773,269.0,59.0,34.146,-60.888,0.693,-2.79,2.161,37.403,172.632,0.582,-2.747,-76.916,-2.829,-87.713,0.676,24
-610.934,-2.271,-45.372,-2.462,-43.005,-2.334,876.438,1842.672,966.234,15.0,-1.604,-1302.553,189.67,-338.562,2.389,31.75,149.375,719.547,0.273,-48.317,-69.174,-23.431,-63.257,9.0,-37.211,269.0,59.0,32.542,-60.957,0.683,-2.8,1.989,35.785,170.491,0.566,-2.725,-76.31,-2.867,-88.878,0.594,24
-599.897,-2.23,-47.016,-2.632,-41.801,-2.34,774.432,1786.229,1011.797,11.0,-1.715,-1301.66,190.807,-336.298,2.376,30.722,150.967,716.758,0.34,-47.376,-67.565,-24.376,-63.576,11.0,-35.954,269.0,59.0,36.137,-60.807,0.634,-2.749,2.293,36.886,172.02,0.6,-2.74,-76.716,-2.758,-85.493,0.465,24
-609.076,-2.264,-58.03,-2.949,-52.852,-2.686,1076.3,1967.795,891.496,15.0,-1.563,-1327.989,191.546,-342.012,2.37,30.41,153.598,734.81,0.345,-49.355,-64.741,-29.357,-64.276,14.0,-35.64,269.0,65.0,32.81,-57.174,0.701,-2.744,1.815,36.602,178.701,0.663,-2.64,-79.208,-2.833,-99.167,0.369,24
-609.736,-2.267,-47.588,-2.576,-42.35,-2.292,876.415,1847.647,971.233,15.0,-1.589,-1306.202,189.371,-339.576,2.378,30.816,150.726,720.733,0.339,-46.945,-69.362,-25.237,-64.099,11.0,-36.129,269.0,59.0,33.791,-60.832,0.673,-2.782,1.742,36.258,173.899,0.583,-2.754,-77.099,-2.808,-87.039,0.52,24
-606.433,-2.254,-55.876,-2.843,-51.903,-2.641,1017.196,1965.35,948.153,14.0,-1.867,-1322.368,185.691,-335.271,2.368,30.786,148.276,733.246,0.346,-49.994,-65.889,-27.362,-64.072,14.0,-33.539,269.0,63.0,35.162,-55.629,0.679,-2.722,1.749,35.531,176.469,0.644,-2.742,-79.515,-2.705,-91.955,0.281,24
-607.05,-2.257,-55.078,-2.746,-51.354,-2.56,1018.28,2006.034,987.754,19.0,-1.817,-1322.314,188.667,-333.275,2.416,31.155,148.001,723.862,0.32,-47.091,-65.198,-26.183,-63.585,13.0,-36.336,269.0,62.0,33.301,-54.431,0.666,-2.816,1.883,35.699,177.968,0.633,-2.835,-79.369,-2.801,-95.251,0.229,24
-604.509,-2.247,-47.812,-2.601,-42.549,-2.315,862.37,1838.332,975.962,17.0,-1.677,-1306.564,191.665,-337.43,2.376,30.928,151.665,720.574,0.331,-47.18,-67.258,-25.464,-63.612,10.0,-36.128,269.0,60.0,35.222,-61.069,0.593,-2.76,2.112,36.831,169.96,0.586,-2.755,-77.136,-2.764,-88.447,0.54,24
-613.472,-2.281,-55.752,-2.862,-52.42,-2.691,1001.73,1947.733,946.004,14.0,-1.554,-1321.161,187.028,-339.093,2.355,30.973,148.672,731.486,0.322,-50.696,-65.575,-28.116,-63.325,13.0,-34.51,269.0,60.0,32.24,-55.442,0.7,-2.854,1.868,34.867,176.18,0.642,-2.806,-78.577,-2.895,-92.654,0.332,26
-599.897,-2.23,-47.016,-2.632,-41.801,-2.34,774.432,1786.229,1011.797,11.0,-1.715,-1301.66,190.807,-336.298,2.376,30.722,150.967,716.758,0.34,-47.376,-67.565,-24.376,-63.576,11.0,-35.954,269.0,59.0,36.137,-60.807,0.634,-2.749,2.293,36.886,172.02,0.6,-2.74,-76.716,-2.758,-85.493,0.465,26
-604.497,-2.247,-56.815,-2.827,-54.001,-2.687,1062.527,2009.408,946.88,18.0,-1.774,-1319.963,187.698,-335.671,2.381,31.071,146.196,732.878,0.334,-49.265,-65.387,-26.094,-63.316,14.0,-36.62,269.0,62.0,33.176,-54.793,0.653,-2.784,1.949,35.689,177.085,0.653,-2.831,-79.275,-2.744,-93.305,0.261,26
-609.336,-2.264,-54.434,-2.726,-49.887,-2.499,1035.779,1996.612,960.833,17.0,-1.606,-1329.917,190.853,-334.882,2.408,30.969,153.102,731.303,0.331,-50.798,-61.926,-26.226,-63.516,14.0,-34.501,269.0,62.0,31.987,-57.222,0.684,-2.745,1.878,33.561,174.826,0.653,-2.801,-78.437,-2.698,-91.738,0.369,26
-607.05,-2.257,-55.078,-2.746,-51.354,-2.56,1018.28,2006.034,987.754,19.0,-1.817,-1322.314,188.667,-333.275,2.416,31.155,148.001,723.862,0.32,-47.091,-65.198,-26.183,-63.585,13.0,-36.336,269.0,62.0,33.301,-54.431,0.666,-2.816,1.883,35.699,177.968,0.633,-2.835,-79.369,-2.801,-95.251,0.229,26
-606.699,-2.255,-57.839,-2.871,-53.789,-2.67,1040.2,2014.722,974.523,17.0,-1.782,-1312.893,181.841,-335.337,2.345,30.726,145.011,731.143,0.342,-49.485,-64.914,-26.3,-63.905,14.0,-36.465,269.0,63.0,32.258,-54.635,0.696,-2.79,2.155,36.152,177.096,0.647,-2.873,-80.436,-2.724,-95.353,0.29,26
-611.242,-2.272,-55.445,-2.83,-51.081,-2.607,971.121,1959.493,988.372,15.0,-1.456,-1313.873,180.981,-340.101,2.303,30.429,152.81,726.418,0.331,-48.627,-64.801,-30.367,-63.95,13.0,-35.664,269.0,64.0,33.177,-58.437,0.718,-2.772,1.739,37.949,179.853,0.646,-2.63,-78.912,-2.897,-98.509,0.376,26
-609.541,-2.266,-47.727,-2.581,-42.246,-2.285,874.645,1849.1,974.455,13.0,-1.639,-1305.808,189.455,-339.664,2.377,30.814,150.43,720.179,0.34,-47.989,-69.129,-25.0,-63.81,11.0,-35.545,269.0,59.0,33.978,-61.137,0.641,-2.775,1.834,35.936,174.535,0.583,-2.75,-77.0,-2.798,-86.728,0.642,26
-608.304,-2.261,-55.683,-2.783,-52.624,-2.63,1057.38,2001.12,943.74,14.0,-1.53,-1322.753,188.544,-339.148,2.389,30.723,149.607,731.777,0.321,-50.456,-65.026,-24.286,-63.461,13.0,-35.407,269.0,62.0,32.379,-55.679,0.696,-2.752,1.93,34.888,176.806,0.644,-2.767,-77.474,-2.74,-93.155,0.399,26
-609.076,-2.264,-58.03,-2.949,-52.852,-2.686,1076.3,1967.795,891.496,15.0,-1.563,-1327.989,191.546,-342.012,2.37,30.41,153.598,734.81,0.345,-49.355,-64.741,-29.357,-64.276,14.0,-35.64,269.0,65.0,32.81,-57.174,0.701,-2.744,1.815,36.602,178.701,0.663,-2.64,-79.208,-2.833,-99.167,0.369,26
-588.233,-2.187,-44.49,-2.358,-39.565,-2.097,949.586,1886.569,936.983,18.0,-1.86,-1306.594,192.219,-340.503,2.335,31.073,145.683,729.499,0.29,-47.734,-65.855,-24.109,-62.233,11.0,-34.955,269.0,59.0,36.628,-57.061,0.747,-2.666,1.58,36.244,176.636,0.596,-2.388,-64.468,-2.901,-92.826,0.776,1
-591.847,-2.2,-45.291,-2.41,-43.198,-2.299,845.399,1879.164,1033.765,17.0,-1.848,-1304.788,186.539,-331.024,2.354,30.829,144.363,725.769,0.278,-45.606,-67.668,-27.253,-61.871,11.0,-35.728,269.0,61.0,34.486,-57.086,0.69,-2.669,1.664,38.626,176.116,0.591,-2.618,-73.316,-2.711,-89.47,0.278,1
-595.76,-2.215,-40.168,-2.185,-37.025,-2.014,919.056,1838.063,919.008,18.0,-1.763,-1302.673,190.764,-339.564,2.297,31.205,143.3,727.771,0.274,-48.997,-66.41,-24.379,-61.335,8.0,-34.903,269.0,61.0,33.843,-57.393,0.701,-2.731,1.516,35.895,174.857,0.602,-2.519,-70.542,-2.911,-96.056,0.21,1
-588.459,-2.188,-44.284,-2.317,-39.178,-2.05,913.397,1911.539,998.142,18.0,-2.252,-1305.021,191.852,-339.495,2.323,31.242,143.128,732.379,0.341,-47.473,-66.057,-26.354,-61.421,12.0,-33.913,269.0,62.0,36.352,-57.254,0.686,-2.664,2.014,36.483,174.685,0.591,-2.4,-69.588,-2.896,-95.579,0.323,1
-588.826,-2.189,-44.597,-2.288,-41.623,-2.136,994.421,1948.93,954.51,18.0,-2.337,-1304.04,193.967,-342.615,2.334,31.812,145.567,731.358,0.293,-50.396,-66.657,-29.333,-60.937,11.0,-33.312,269.0,64.0,37.214,-56.97,0.683,-2.607,1.431,37.697,175.724,0.566,-2.252,-65.298,-2.901,-101.538,0.667,1
-591.346,-2.198,-44.455,-2.295,-41.556,-2.146,961.704,1936.64,974.935,19.0,-1.87,-1308.308,189.402,-340.898,2.35,31.588,145.411,731.776,0.292,-48.663,-67.94,-25.588,-62.252,12.0,-34.436,269.0,61.0,38.074,-56.718,0.652,-2.779,1.722,38.137,176.176,0.594,-2.548,-71.334,-2.975,-98.162,0.69,1
-596.696,-2.218,-46.27,-2.369,-42.704,-2.186,976.93,1953.468,976.539,19.0,-2.271,-1313.094,192.528,-349.464,2.362,31.988,144.87,741.833,0.304,-50.245,-67.266,-28.47,-62.227,13.0,-32.711,269.0,64.0,37.813,-57.159,0.702,-2.767,1.665,38.596,173.879,0.585,-2.452,-73.564,-3.045,-103.541,0.678,1
-595.985,-2.216,-47.373,-2.443,-43.474,-2.242,969.57,1938.908,969.338,16.0,-1.793,-1304.049,188.587,-342.101,2.31,31.514,143.837,734.722,0.333,-46.977,-66.929,-26.215,-61.416,11.0,-34.583,269.0,63.0,32.91,-57.146,0.671,-2.704,1.622,35.474,173.3,0.589,-2.633,-76.359,-2.764,-93.992,0.946,1
-591.774,-2.199,-44.32,-2.341,-40.03,-2.115,919.157,1892.849,973.691,17.0,-1.813,-1306.266,191.884,-342.893,2.344,31.221,146.052,731.115,0.309,-52.434,-66.446,-24.707,-61.405,11.0,-34.088,269.0,66.0,37.047,-56.8,0.606,-2.685,1.496,37.743,175.104,0.569,-2.391,-71.73,-2.93,-105.497,1.073,1
-585.615,-2.177,-45.734,-2.549,-41.023,-2.286,870.765,1794.342,923.577,16.0,-1.795,-1306.666,190.19,-333.988,2.322,31.345,147.549,731.802,0.353,-47.126,-66.725,-25.02,-62.949,12.0,-35.353,269.0,58.0,37.6,-57.939,0.652,-2.68,1.701,34.691,174.106,0.605,-2.496,-69.884,-2.851,-85.54,0.641,1
-596.314,-2.217,-59.617,-2.908,-54.596,-2.663,1005.103,2050.103,1045.001,18.0,-1.912,-1304.431,184.726,-336.03,2.332,30.292,151.042,725.52,0.326,-48.696,-65.575,-29.098,-64.488,14.0,-34.89,269.0,66.0,32.144,-57.813,0.665,-2.69,2.593,42.577,175.144,0.64,-2.64,-79.197,-2.731,-98.311,0.248,37
-607.473,-2.258,-55.996,-2.818,-51.165,-2.575,1014.686,1986.879,972.193,13.0,-1.848,-1314.964,184.473,-333.566,2.388,31.226,146.48,727.378,0.329,-47.562,-66.711,-24.733,-63.75,13.0,-35.752,269.0,60.0,33.896,-55.881,0.648,-2.832,1.757,31.697,177.364,0.618,-2.768,-77.515,-2.888,-92.427,0.633,37
-614.263,-2.284,-55.719,-2.819,-52.503,-2.657,1035.432,1976.4,940.968,15.0,-1.667,-1326.832,190.201,-338.994,2.421,30.982,149.016,730.125,0.32,-50.557,-65.649,-28.102,-63.563,13.0,-34.706,269.0,60.0,32.508,-55.248,0.746,-2.881,1.856,35.431,178.131,0.642,-2.817,-78.88,-2.937,-93.975,0.384,37
-609.336,-2.264,-54.434,-2.726,-49.887,-2.499,1035.779,1996.612,960.833,17.0,-1.606,-1329.917,190.853,-334.882,2.408,30.969,153.102,731.303,0.331,-50.798,-61.926,-26.226,-63.516,14.0,-34.501,269.0,62.0,31.987,-57.222,0.684,-2.745,1.878,33.561,174.826,0.653,-2.801,-78.437,-2.698,-91.738,0.369,37
-597.944,-2.223,-59.597,-2.968,-53.91,-2.685,1010.23,2007.686,997.457,20.0,-2.059,-1305.22,185.005,-336.972,2.323,30.386,146.149,729.279,0.333,-49.882,-65.15,-27.284,-64.698,14.0,-34.15,269.0,66.0,32.956,-56.03,0.653,-2.672,2.364,40.286,174.518,0.636,-2.589,-77.68,-2.741,-98.685,0.235,37
-609.742,-2.267,-54.907,-2.844,-51.531,-2.67,1030.049,1930.306,900.256,20.0,-1.255,-1322.185,187.009,-334.404,2.357,30.648,149.831,729.302,0.301,-49.028,-63.762,-20.998,-63.483,12.0,-36.855,269.0,65.0,30.841,-57.672,0.639,-2.719,1.99,31.44,176.258,0.62,-2.652,-76.906,-2.773,-99.814,0.226,37
-594.018,-2.208,-59.431,-2.888,-54.634,-2.655,1016.062,2057.586,1041.524,15.0,-1.951,-1301.275,184.963,-335.13,2.319,30.216,148.568,725.139,0.325,-48.33,-65.123,-29.014,-64.41,14.0,-34.586,269.0,67.0,32.294,-57.413,0.618,-2.658,2.574,41.401,175.483,0.643,-2.592,-77.769,-2.711,-100.305,0.257,37
-601.535,-2.236,-55.32,-2.727,-52.193,-2.572,1067.781,2028.964,961.182,13.0,-1.647,-1317.367,187.08,-333.207,2.392,30.833,149.691,725.691,0.318,-48.49,-65.947,-23.473,-63.256,13.0,-36.569,269.0,60.0,35.949,-56.084,0.672,-2.76,1.868,32.443,177.885,0.642,-2.71,-75.871,-2.804,-89.722,0.674,37
-605.626,-2.251,-58.141,-2.826,-54.479,-2.648,1088.284,2057.156,968.872,18.0,-1.733,-1312.14,185.792,-338.623,2.343,30.549,149.469,731.032,0.328,-49.414,-65.559,-27.98,-62.44,15.0,-34.383,269.0,69.0,29.866,-58.355,0.69,-2.647,2.025,36.763,176.922,0.647,-2.581,-80.014,-2.702,-102.658,0.24,37
-601.845,-2.238,-55.007,-2.787,-51.812,-2.625,936.535,1973.668,1037.133,17.0,-1.068,-1309.591,185.404,-337.302,2.369,30.709,151.041,724.531,0.346,-50.015,-65.883,-26.903,-62.736,14.0,-34.197,269.0,63.0,29.975,-57.855,0.689,-2.715,2.086,36.837,180.467,0.627,-2.84,-79.527,-2.615,-91.527,0.286,37
-600.826,-2.234,-49.597,-2.654,-43.363,-2.321,859.665,1868.601,1008.936,18.0,-1.536,-1307.41,191.162,-337.563,2.362,30.662,150.613,726.907,0.359,-48.657,-67.53,-25.33,-63.776,13.0,-35.208,269.0,61.0,35.235,-60.044,0.639,-2.749,2.085,37.47,169.088,0.614,-2.706,-75.776,-2.785,-91.911,0.645,30
-601.918,-2.238,-58.906,-2.911,-50.062,-2.474,995.159,2023.361,1028.203,18.0,-1.869,-1316.622,187.028,-334.228,2.325,30.988,151.452,734.097,0.352,-49.774,-60.398,-28.851,-64.394,14.0,-34.773,269.0,64.0,32.689,-59.177,0.682,-2.736,2.361,35.669,171.354,0.649,-2.558,-76.736,-2.894,-98.399,0.203,30
-609.336,-2.264,-54.434,-2.726,-49.887,-2.499,1035.779,1996.612,960.833,17.0,-1.606,-1329.917,190.853,-334.882,2.408,30.969,153.102,731.303,0.331,-50.798,-61.926,-26.226,-63.516,14.0,-34.501,269.0,62.0,31.987,-57.222,0.684,-2.745,1.878,33.561,174.826,0.653,-2.801,-78.437,-2.698,-91.738,0.369,30
-612.128,-2.276,-56.389,-2.826,-52.647,-2.638,1088.957,1995.657,906.7,19.0,-1.456,-1328.137,186.453,-339.165,2.43,31.559,152.055,741.775,0.29,-51.294,-62.52,-27.825,-63.793,12.0,-36.621,269.0,64.0,31.859,-58.017,0.663,-2.681,1.969,34.145,174.149,0.639,-2.652,-79.56,-2.707,-92.022,0.305,30
-611.915,-2.275,-54.669,-2.749,-51.582,-2.593,1094.984,1988.992,894.007,16.0,-1.561,-1328.296,191.468,-337.443,2.438,31.298,151.863,732.495,0.297,-50.753,-62.69,-22.365,-63.162,12.0,-36.333,269.0,61.0,30.699,-57.735,0.639,-2.859,2.011,32.336,173.442,0.624,-2.843,-76.759,-2.872,-97.645,0.372,30
-591.884,-2.201,-58.19,-2.879,-50.507,-2.499,1028.604,2021.178,992.574,13.0,-1.979,-1308.363,185.615,-329.81,2.322,30.429,152.99,728.983,0.352,-48.069,-60.228,-27.623,-64.473,15.0,-35.371,269.0,65.0,32.969,-60.511,0.647,-2.704,2.548,37.765,170.735,0.652,-2.57,-77.108,-2.818,-98.64,0.185,30
-606.699,-2.255,-57.839,-2.871,-53.789,-2.67,1040.2,2014.722,974.523,17.0,-1.782,-1312.893,181.841,-335.337,2.345,30.726,145.011,731.143,0.342,-49.485,-64.914,-26.3,-63.905,14.0,-36.465,269.0,63.0,32.258,-54.635,0.671,-2.79,2.155,36.152,177.096,0.647,-2.873,-80.436,-2.724,-95.353,0.29,30
-608.034,-2.26,-55.657,-2.81,-51.163,-2.583,999.609,1980.402,980.792,15.0,-1.649,-1319.097,181.787,-334.374,2.364,31.039,148.714,732.416,0.329,-48.767,-66.771,-24.255,-63.63,13.0,-36.169,269.0,61.0,35.431,-56.514,0.687,-2.763,1.813,32.233,176.806,0.629,-2.678,-77.661,-2.84,-90.883,0.588,30
-585.473,-2.177,-55.586,-2.832,-52.401,-2.67,1002.27,1962.59,960.32,15.0,-1.582,-1314.645,188.254,-337.841,2.4,30.61,155.45,724.612,0.315,-50.242,-63.988,-24.685,-63.933,13.0,-34.04,269.0,60.0,33.358,-57.646,0.625,-2.723,3.565,47.615,176.446,0.61,-2.855,-77.078,-2.616,-86.325,0.817,30
-607.3,-2.258,-54.495,-2.742,-50.907,-2.562,1031.629,1987.176,955.546,15.0,-1.568,-1326.251,191.931,-335.145,2.42,31.163,152.081,728.462,0.3,-51.268,-62.38,-21.078,-63.501,12.0,-35.866,269.0,62.0,30.902,-57.506,0.678,-2.774,1.932,32.671,175.452,0.621,-2.748,-76.943,-2.796,-95.055,0.247,30
